metric,value
accuracy,0.9237381309345327
precision_non_toxic,0.886579139314369
recall_non_toxic,0.9718169098540875
f1_non_toxic,0.9272432535520168
precision_toxic,0.9688122096881221
recall_toxic,0.8756497401039585
f1_toxic,0.9198781896461199
