metric,value
accuracy,0.8860147811256396
f1_score,0.8814194184327255
roc_auc,0.9565617557011779
