C,gamma,kernel,best_cv_f1
3.234202408644632,0.09784474612670667,linear,0.9347815071049573
