metric,value
accuracy,0.942865264354747
f1_score,0.9382614927818164
roc_auc,0.9772019866405023
precision,0.9382614927818164
recall,0.9382614927818164
