text,true_label,bert_prediction,bert_confidence,gpt2_explanation,gpt2_message,correct
"It was an illegal lease.  Get out of that building and sue for the money bilked.  Somehow, our leaders have been captured and are still enamored with the great developer/ landlord/ pocket liner.  How tone deaf can they be.  That building will always be the Taj MaHawker.  And as long as the legislature is in there, the resentment will simmer and will not fade.  How freaking tone deaf can our public officials be?  Even the city.  None of them should be touching that building with a 10-foot pole, brokering a deal, etc.  What, Pfeffer and Acre get private audiences with the whole leadership apparatus, and gets to pull the strings?  Was Gottstein or anyone from the public there to voice the public's interest?  Let it go to market.  The free market.  And get out from under the stain and attempt to stand up for some of our public dollars that have been squandered.  This article made me scream out at breakfast this morning, ""Motherf***ers!""",1,0,0.9736306667327881,,Comment is safe,False
It seems to be no coincidence that these trolls appear on weekends.,0,1,0.6425192952156067,"it includes threatening language. Wishing harm on others creates a hostile environment and is never acceptable. Consider saying any of the following:
- I'm angry, but I want to address this constructively.
- This really upset me, and I need to say that clearly.
- Let's deal with the issue directly instead of escalating it.",,False
"""@Nicholas_ted33: Kobe stay talking trash. But let's not forget http://t.co/VH4tnEkvTP"" @J_Austin12 I meant to do this one. Smh.",1,0,0.878272294998169,,Comment is safe,False
"do society a favor and crawl back under your rock , kenny !",1,0,0.5520782470703125,,Comment is safe,False
mental midgets think that the chain saw is the only answer to forest health .,1,0,0.5842154026031494,,Comment is safe,False
Me and da @iamcolinquinn gonna do a reboot of da Jeffersons. Only dis time he gonna be Weezy and we married pre op trannies,1,0,0.814885139465332,,Comment is safe,False
ahahahh!!ping pang POW! HOW U LIKE ME NOW! Shouts out 2 my bro Dre Hogg Style Ent! Uza fool 4 dis 1,0,1,0.8877412676811218,"the language here is unnecessarily harsh. Strong words can make people defensive and stop listening to what you have to say. Consider saying any of the following:
- I feel strongly about this, and here's my honest view.
- I'm really frustrated by this situation.
- I strongly disagree with that position.",,False
"RT @OhWowThatsAwk: a girl tweeted ""you might be ghetto if u bring food from outside into the movies""

no u might be stupid if u pay 4.99 fo&#8230;",0,1,0.8278024196624756,"the language here is unnecessarily harsh. Strong words can make people defensive and stop listening to what you have to say. Consider saying any of the following:
- I feel strongly about this, and here's my honest view.
- I'm really frustrated by this situation.
- I strongly disagree with that position.",,False
we need protection from muslims since they have showed how dangerous they are .,1,0,0.8303921818733215,,Comment is safe,False
"It's only tragic for people like you who are going to be on the receiving end of the nastiness and mean-spiritedness. But your hurt feelings are just collateral damage. We don't get rid of the cancer that is leftist doctrine with an aspirin; we get rid of it with radiation, chemotherapy or other unpleasant treatment.",1,0,0.9861948490142822,,Comment is safe,False
"Man, I'm wish big booty bytches would use some other nickname other than Judy... Shy is so typical and old..",1,0,0.6007034778594971,,Comment is safe,False
"the whole lot of conservatives are a waste of news space , air space and parliament space .",1,0,0.5855937600135803,,Comment is safe,False
RT @cigarsNscotch: What's black and yellow and not going to win this year? WRONG! The answer is Tiger Woods.,1,0,0.9793111681938171,,Comment is safe,False
Cigarette break nd wtf are Mt eyes glowing like Charlie Murphy in the madd real world lol http://t.co/eRkuSr3Q,1,0,0.923069179058075,,Comment is safe,False
@iStricer You are hairy like a monkey. : P,0,1,0.7163619995117188,"the language here is unnecessarily harsh. Strong words can make people defensive and stop listening to what you have to say. Consider saying any of the following:
- I feel strongly about this, and here's my honest view.
- I'm really frustrated by this situation.
- I strongly disagree with that position.",,False
"Gay, Muslim,no anglophone,white males might be able to arrange something under the right circumstance.",0,1,0.583401620388031,"it contains inappropriate content. There are better ways to express your thoughts constructively. Consider saying any of the following:
- Let me rephrase that in a more appropriate way.
- I can say that more clearly and respectfully.
- Here's a better way to express that.",,False
@_BDOE bro u trash at that zombies,0,1,0.7429173588752747,"the language here is unnecessarily harsh. Strong words can make people defensive and stop listening to what you have to say. Consider saying any of the following:
- I feel strongly about this, and here's my honest view.
- I'm really frustrated by this situation.
- I strongly disagree with that position.",,False
just the looks of her is revolting .,1,0,0.7609588503837585,,Comment is safe,False
I'm a sucker for colored eyes &#128532;&#128532;,0,1,0.8213860392570496,"the language here is unnecessarily harsh. Strong words can make people defensive and stop listening to what you have to say. Consider saying any of the following:
- I feel strongly about this, and here's my honest view.
- I'm really frustrated by this situation.
- I strongly disagree with that position.",,False
My mistake. I knew there was problem when I wrote that. I meant hypocritical. Democrats are often called hypocritical. And there is a lot of truth in that. Reid and O'Connel this morning were both two faced about their earlier efforts to block the nominating process or their previous support for it. Each had exactly different views than they professed before.,1,0,0.9972646236419678,,Comment is safe,False
"I guess I would say that you, as a man, haven't had to deal with systematic oppression based on your gender and that you are part of the dominant group and therefore have the luxury of thinking that gender doesn't play a role in anything. And thank you for telling me who I want to vote for! I won't say it was your testicles that helped you do it, but I don't think they hurt in this situation either.",1,0,0.9932457804679871,,Comment is safe,False
It's ironic that a Catholic bishop is asking the legislators for so-called protection from being forced to marry same-sex couples when the Catholic priests across the world are sexually assaulting children.  Take the beam out of thine own eye bishop  before you try and take a sliver out of a homosexual's eye.  There must  be laughter in Heaven and Hell.,1,0,0.9317728281021118,,Comment is safe,False
U coons watching love and hip hop ain't you,1,0,0.7339599132537842,,Comment is safe,False
Is there a full moon out? #CrazyAssholes out in full force and I'm not talking about muzzies or liberals&#8252;&#65039; And I'm in the mood to oblige.,1,0,0.9657422304153442,,Comment is safe,False
"Yes, it's a good idea to slow down and drive safely in these neighborhoods. No it's not a good idea to put up fake signs on this scale, you're not much better than graffiti artists. 

Because of the tactics involved people who would otherwise be supportive are talking about tearing these signs down. It's one thing to have a good idea and shop it around to the city and neighbors it's quite another to become a self-appointed arbiter. 

""Agent 1"" is simply a coddled child unable to come to terms with how grown-ups approach issues in an adult world. This idiot simply chose to alienate everyone rather than take the time to develop a long-lasting solution.",1,0,0.9968400001525879,,Comment is safe,False
@jaredlikelndn monkey dong,1,0,0.5002947449684143,,Comment is safe,False
RT @Black__Elvis: My favorite episode of Friends is the one where blacks mysteriously vanish and unemployed white people find affordable ho&#8230;,0,1,0.872753381729126,"the language here is unnecessarily harsh. Strong words can make people defensive and stop listening to what you have to say. Consider saying any of the following:
- I feel strongly about this, and here's my honest view.
- I'm really frustrated by this situation.
- I strongly disagree with that position.",,False
I can't post a comment about rats on a sinking ship but letters like this are even published in the first place? Screw your civil comments garbage because they're all one sided. The left side. BS.,1,0,0.679377019405365,,Comment is safe,False
I really get upset when my lightskin friends have another cute dark skin sidekick..like Im supposed to be the only cute darkie u hang wit &#128545;,1,0,0.7824817299842834,,Comment is safe,False
Get this monkey off my back...,0,1,0.6266149878501892,"it includes threatening language. Wishing harm on others creates a hostile environment and is never acceptable. Consider saying any of the following:
- I'm angry, but I want to address this constructively.
- This really upset me, and I need to say that clearly.
- Let's deal with the issue directly instead of escalating it.",,False
Who would you get to kill the children and other members of their family?,0,1,0.5462141633033752,"toxic language can make people defensive and stop listening to what you have to say. Consider saying any of the following:
- I feel strongly about this, and here's my honest view.
- I'm really frustrated by this situation.
- I strongly disagree with that position.",,False
"RT @Mr_MshkL: &#1589;&#1608;&#1585;&#1577; &#1604;&#1591;&#1575;&#1574;&#1585; &#1575;&#1604;&#1603;&#1575;&#1585;&#1583;&#1610;&#1606;&#1575;&#1604; &#1575;&#1604;&#1571;&#1581;&#1605;&#1585; &#1575;&#1604;&#1605;&#1605;&#1610;&#1586;&#1548; &#1571;&#1581;&#1583; &#1588;&#1582;&#1589;&#1610;&#1575;&#1578; &#1604;&#1593;&#1576;&#1577; &#1575;&#1604;&#1591;&#1610;&#1608;&#1585; &#1575;&#1604;&#1594;&#1575;&#1590;&#1576;&#1577; angry birds &#1575;&#1604;&#1588;&#1607;&#1610;&#1585;&#1577; !
&#8226; http://t.co/0lowkClb",0,1,0.6621113419532776,"the language here is unnecessarily harsh. Strong words can make people defensive and stop listening to what you have to say. Consider saying any of the following:
- I feel strongly about this, and here's my honest view.
- I'm really frustrated by this situation.
- I strongly disagree with that position.",,False
"@Pacman_Dre_SB I said something to you gorilla, stop listening to monkey music",1,0,0.6171440482139587,,Comment is safe,False
Krantz is the crazy lady who owns the restaurant.,0,1,0.6912528276443481,"the language here is unnecessarily harsh. Strong words can make people defensive and stop listening to what you have to say. Consider saying any of the following:
- I feel strongly about this, and here's my honest view.
- I'm really frustrated by this situation.
- I strongly disagree with that position.",,False
"Allergies have my eyes all red and chink eyed, I look like I'm stoned",1,0,0.5818024277687073,,Comment is safe,False
that is ridiculously absurd. having THC in your system does not mean you were driving while on drugs as this drug can stay in a body for 6 months after consumed.,0,1,0.611788272857666,"it includes threatening language. Wishing harm on others creates a hostile environment and is never acceptable. Consider saying any of the following:
- I'm angry, but I want to address this constructively.
- This really upset me, and I need to say that clearly.
- Let's deal with the issue directly instead of escalating it.",,False
RT @FunnyOGtweets: When rednecks fool around with the aux cord http://t.co/Tyzuro7qR5,0,1,0.8676862120628357,"the language here is unnecessarily harsh. Strong words can make people defensive and stop listening to what you have to say. Consider saying any of the following:
- I feel strongly about this, and here's my honest view.
- I'm really frustrated by this situation.
- I strongly disagree with that position.",,False
Don't make any useless statements for not knowing that the Russian are in Ukraine,0,1,0.5614592432975769,"the language here is unnecessarily harsh. Strong words can make people defensive and stop listening to what you have to say. Consider saying any of the following:
- I feel strongly about this, and here's my honest view.
- I'm really frustrated by this situation.
- I strongly disagree with that position.",,False
LTD needs to be neutered.,1,0,0.7030761241912842,,Comment is safe,False
"""It’s 8 (eight) blocks to the bus stop for me. If it’s good enough for me at 71 it’s good enough for her at 90."" Oh really? What kind of a person knows what's good for others? The arrogant with cruel disregard. Shame on you.",1,0,0.752445638179779,,Comment is safe,False
"Socialists have neither brains, heart, nor courage.  Socialists,  otherwise known as redistributionists,  depend on government raiders to take what belongs to one person through the power and intimidation of government to be redistributed to others according to what government deems is ""fair"".  Socialists are thieves disguised as do gooders creating dependent and incompetent masses.",1,0,0.8009999990463257,,Comment is safe,False
there is no evidence that he was a muslim it sounds more like he was schizophrenic .,1,0,0.7638730406761169,,Comment is safe,False
"Right. The homeowner--playing cop--told the guy to stop. The guy then ""shoved the [homeowner] guy causing minor injuries...Tallman eventually charged the homeowner. "" Gee, I wonder why the guy charged the homeowner who was playing cop? I wonder why the wanna-be cop homeowner didn't get out of the way and let the police do their work? Could it be that he was emboldened by carrying a gun?  Any excuse to justify pulling a gun and shooting someone. He's lucky he didn't kill him and lucky the guy didn't have a gun of his own. Pure stupidity.",1,0,0.9888851642608643,,Comment is safe,False
@Pepper_Redbone @Yankees @Mets Oh yeah. And the annoying damn duck calls?? They outta be banned. Duck horns??,0,1,0.6409842371940613,"it contains inappropriate content. There are better ways to express your thoughts constructively. Consider saying any of the following:
- Let me rephrase that in a more appropriate way.
- I can say that more clearly and respectfully.
- Here's a better way to express that.",,False
Aye a nicca is tired tho!,0,1,0.9940896034240723,"it contains inappropriate content. There are better ways to express your thoughts constructively. Consider saying any of the following:
- Let me rephrase that in a more appropriate way.
- I can say that more clearly and respectfully.
- Here's a better way to express that.",,False
@HalleyBrenks3 interesting #hick,0,1,0.8981442451477051,"the language here is unnecessarily harsh. Strong words can make people defensive and stop listening to what you have to say. Consider saying any of the following:
- I feel strongly about this, and here's my honest view.
- I'm really frustrated by this situation.
- I strongly disagree with that position.",,False
This store is SO redneck...,0,1,0.553004264831543,"it includes threatening language. Wishing harm on others creates a hostile environment and is never acceptable. Consider saying any of the following:
- I'm angry, but I want to address this constructively.
- This really upset me, and I need to say that clearly.
- Let's deal with the issue directly instead of escalating it.",,False
"While I'm not a religious person by any stretch of the imagination, I'm beginning to think that Trump may be a close resemblance of the Anti-Christ.  He's dazzling right-wingers by the millions, wields insults against women, tramples on our liberties, and comes across as an anointed evil narcissist.  Frightening that Trump will be taking over the Republican Party.  Shake hands with the Devil and you'll get burned.  The Republican Party is sizzling.",1,0,0.9695698618888855,,Comment is safe,False
"If you can't deal with a dog, then you should not be allowed to have one. Please find a humane person that is able to love and take care of this beautiful animal. You are a very sick person.",1,0,0.941075325012207,,Comment is safe,False
Ain't no love in the ghetto &#128148;,0,1,0.6829100251197815,"it includes threatening language. Wishing harm on others creates a hostile environment and is never acceptable. Consider saying any of the following:
- I'm angry, but I want to address this constructively.
- This really upset me, and I need to say that clearly.
- Let's deal with the issue directly instead of escalating it.",,False
Ion kno wat kinda spring clothes imma get my yung nicca dis year we ain't doin da polo dis year gotta offset em wit sumthin else,0,1,0.9367316365242004,"the language here is unnecessarily harsh. Strong words can make people defensive and stop listening to what you have to say. Consider saying any of the following:
- I feel strongly about this, and here's my honest view.
- I'm really frustrated by this situation.
- I strongly disagree with that position.",,False
I occasionally overhear people jokingly talk about how much the hockey team sucks.,0,1,0.5594968795776367,"the language here is unnecessarily harsh. Strong words can make people defensive and stop listening to what you have to say. Consider saying any of the following:
- I feel strongly about this, and here's my honest view.
- I'm really frustrated by this situation.
- I strongly disagree with that position.",,False
@cakedjake We're laying rock around our lake. You're welcome to join a redneck workout. #muscles &#128170;&#128513;,0,1,0.5375535488128662,"the language here is unnecessarily harsh. Strong words can make people defensive and stop listening to what you have to say. Consider saying any of the following:
- I feel strongly about this, and here's my honest view.
- I'm really frustrated by this situation.
- I strongly disagree with that position.",,False
bouchard has more brains than kournikova .,1,0,0.5661025047302246,,Comment is safe,False
The Bible calls you a fool who rebels against His moral authority and don't fear those who kill the body but cannot kill the soul; but rather be afraid of him -God/Jesus who has the power and authority  to destroy both soul and body in hell.,0,1,0.9583445191383362,"the language here is unnecessarily harsh. Strong words can make people defensive and stop listening to what you have to say. Consider saying any of the following:
- I feel strongly about this, and here's my honest view.
- I'm really frustrated by this situation.
- I strongly disagree with that position.",,False
"Good article Mr. Dingman.  The legislative system in Alaska is badly broken.  Simply changing the players is not the total solution if they don't follow their own procedural rules and instead continue to favor a standing caucus based on ""traditions"" instead of those written rules. 
 This standing caucus system has created a ""legislature within the legislature"".  Anyone from any party can join as long as they ""behave"".  
 Voters must ask these candidates if they will join a standing caucus that demands ""lock step"" voting for a final budget regardless of sustainability and to follow leadership on all procedural votes used to quash suggestions from non-caucus members.  Also will the candidate support the current legislative exemption from state open meeting law?  
Finally, great photo of the clown.   I particularly enjoy the irony that the clown in the photo is not smiling which means the photo could actually be a legislator on the way to the capital.",1,0,0.9994039535522461,,Comment is safe,False
"Sully is a big time cheater in his public and private life.  Sully cut the APD to the bone that triggered a wave in murders, robberies, and burglaries.  Cutting to far back in APD's police force was a ploy by Sully to make himself appear fiscally conservative as he was tapped to be Parnell's Lt. Governor.  Now Sully wants to continue pulling the mayoral strings by rounding up a posse of his Republican former mayor brethren to tie the hands of the current administration.",1,0,0.9690641760826111,,Comment is safe,False
why are these freshman so ghetto lmao,1,0,0.5679274201393127,,Comment is safe,False
wtf is wrong with people ?,1,0,0.6373839974403381,,Comment is safe,False
Expel me and ban this ip from the whole site,0,1,0.7397875189781189,"the language here is unnecessarily harsh. Strong words can make people defensive and stop listening to what you have to say. Consider saying any of the following:
- I feel strongly about this, and here's my honest view.
- I'm really frustrated by this situation.
- I strongly disagree with that position.",,False
"The GOP doesn't act on their values vs the left that doesn't even pretend to have any values. That's not a very tough call to make Ryan. Hillary Clinton will be indicted that much has become clear and crazy Bernie da Bomber wasn't even a successful senator...and values? No one ran from his values faster than Bernie. But lets start with the crazy part:

He wrote in the 1970s that the country was close to experiencing a nuclear apocalypse or ""death by poison gas."" He claimed cervical cancer was caused by women not experiencing enough orgasms

When he launched his campaign in May, this economic illiterate blamed the abundance of consumer goods for child hunger

Don’t forget how much women love being raped because Bernie hasn’t.",1,0,0.9851527214050293,,Comment is safe,False
"it was pigignorant , whiny and childish , but not uncivil .",1,0,0.6766347885131836,,Comment is safe,False
I have owned guns in this state for more than 50 years.  I have taught many many people  safe firearm usage and the 4 NRA rules of firearm safety . Last season I shot a legal bull moose and helped an 11 year old get his first two bucks on Kodiak.  I have a reloading bench in my basement.  I oppose this legislation.  I could not oppose this legislation more.  18 - 22 year old students with guns in the classroom.  Who is kidding who.  This is just plain stupid.,0,1,0.5084214806556702,"the language here is unnecessarily harsh. Strong words can make people defensive and stop listening to what you have to say. Consider saying any of the following:
- I feel strongly about this, and here's my honest view.
- I'm really frustrated by this situation.
- I strongly disagree with that position.",,False
"@Harry_Dillema @SvensTweet @wltrrr vraag t Sven,hij denkt: Hoe lichter van kleur, hoe beter het morele kompas werkt. Ik ben kleurenblind ;~)",1,0,0.7765896320343018,,Comment is safe,False
"Wow, that couldn't sound any more ludicrous",1,0,0.9241955876350403,,Comment is safe,False
Sometime I wish I wasn't colored,1,0,0.9810290932655334,,Comment is safe,False
Even the Federal government recognizes over bloated pork when they see it.,0,1,0.8575448393821716,"the language here is unnecessarily harsh. Strong words can make people defensive and stop listening to what you have to say. Consider saying any of the following:
- I feel strongly about this, and here's my honest view.
- I'm really frustrated by this situation.
- I strongly disagree with that position.",,False
"I like Bernie. He isn't a jerk and I think he's honest.

Too bad his ideas are unworkable.",0,1,0.6609625816345215,"it includes threatening language. Wishing harm on others creates a hostile environment and is never acceptable. Consider saying any of the following:
- I'm angry, but I want to address this constructively.
- This really upset me, and I need to say that clearly.
- Let's deal with the issue directly instead of escalating it.",,False
Are those assembly folks some kind of republican liberal? I thought Liberals had the peoples welfare in mind? Silly me......gosh.,0,1,0.5612946152687073,"it includes threatening language. Wishing harm on others creates a hostile environment and is never acceptable. Consider saying any of the following:
- I'm angry, but I want to address this constructively.
- This really upset me, and I need to say that clearly.
- Let's deal with the issue directly instead of escalating it.",,False
If they can buy it for a good price then be done with this silly nonsense. Moving to Atwood makes lawyers get richer and richer.,0,1,0.8952353596687317,"the language here is unnecessarily harsh. Strong words can make people defensive and stop listening to what you have to say. Consider saying any of the following:
- I feel strongly about this, and here's my honest view.
- I'm really frustrated by this situation.
- I strongly disagree with that position.",,False
Joe miller is insane,0,1,0.5616176128387451,"the language here is unnecessarily harsh. Strong words can make people defensive and stop listening to what you have to say. Consider saying any of the following:
- I feel strongly about this, and here's my honest view.
- I'm really frustrated by this situation.
- I strongly disagree with that position.",,False
RT @babiesdressup: What a silly little monkey &#128584; http://t.co/DMKLK4k147,0,1,0.8990105390548706,"the language here is unnecessarily harsh. Strong words can make people defensive and stop listening to what you have to say. Consider saying any of the following:
- I feel strongly about this, and here's my honest view.
- I'm really frustrated by this situation.
- I strongly disagree with that position.",,False
"Bij vraag wat is d naam van de engels des doods,dacht eerst Robert.Ik:Israel..uhm iets met Gargamel,hoe heet die kat ook al weer..oja Azrael",1,0,0.9330663681030273,,Comment is safe,False
These are insane and Cigars trash!? Foam done bumped his head RT @FoamWright: These are insane. Like so insane. http://t.co/5umpDoeORz,0,1,0.6804679036140442,"it includes threatening language. Wishing harm on others creates a hostile environment and is never acceptable. Consider saying any of the following:
- I'm angry, but I want to address this constructively.
- This really upset me, and I need to say that clearly.
- Let's deal with the issue directly instead of escalating it.",,False
"these non compliant dispensary owners are grinding on me.  are THEY the bad apples that are going to spoil it for all the legal, compliant marijuana users and sellers?  kind of want to go to my friendly neighborhood dispensary(s) and ask them if they have complied.  No?   i guess I will pay you 75% of the money you charge and i'll go ahead and put that other 25% in the mail to the IRS myself.   follow up question...are you nuts?  talk about killing the golden goose...",1,0,0.8837908506393433,,Comment is safe,False
and his parents are worse .,1,0,0.9279646873474121,,Comment is safe,False
Wrote the absolute worst paper of my life last week and still got a B+. Gotta love taking freshman English #retards,1,0,0.5785002112388611,,Comment is safe,False
he is corrupt which is unusual for a democrat .,1,0,0.757882297039032,,Comment is safe,False
you are the most racist person i have ever seen .,1,0,0.6084418296813965,,Comment is safe,False
@WarriorRN61 @mrgeology you inferred he tried to ho to Nam. He did not. He dodged it. He is no great leader.,0,1,0.731304407119751,"the language here is unnecessarily harsh. Strong words can make people defensive and stop listening to what you have to say. Consider saying any of the following:
- I feel strongly about this, and here's my honest view.
- I'm really frustrated by this situation.
- I strongly disagree with that position.",,False
You were an hour early for April Fools...,0,1,0.6552354097366333,"it includes threatening language. Wishing harm on others creates a hostile environment and is never acceptable. Consider saying any of the following:
- I'm angry, but I want to address this constructively.
- This really upset me, and I need to say that clearly.
- Let's deal with the issue directly instead of escalating it.",,False
you exemplify the ignorance of the western left.,0,1,0.5331737995147705,"the language here is unnecessarily harsh. Strong words can make people defensive and stop listening to what you have to say. Consider saying any of the following:
- I feel strongly about this, and here's my honest view.
- I'm really frustrated by this situation.
- I strongly disagree with that position.",,False
geekylesbianscientists: theblairbetch: douglasrichardsonships: kayla-bird: okay but consider this though:... http://t.co/zAHyXtaVvo,1,0,0.9600524306297302,,Comment is safe,False
@I_GotOne awe boy you smell like monkey sex,1,0,0.616401731967926,,Comment is safe,False
Lets keep your fetishes out of this and deal with the issue at hand.,0,1,0.7852265238761902,"it includes threatening language. Wishing harm on others creates a hostile environment and is never acceptable. Consider saying any of the following:
- I'm angry, but I want to address this constructively.
- This really upset me, and I need to say that clearly.
- Let's deal with the issue directly instead of escalating it.",,False
"My mom is so clueless to what's going on with me lol she like ""you can't trust negros witcha money"" lmfao whaaaat?",1,0,0.6234836578369141,,Comment is safe,False
@KingCuh @TEE_JONEZ io.. lol osi tangi! Haha a tuku ho tangible Terryn! Atunga ho fie lea lahi mai!,0,1,0.9288761615753174,"the language here is unnecessarily harsh. Strong words can make people defensive and stop listening to what you have to say. Consider saying any of the following:
- I feel strongly about this, and here's my honest view.
- I'm really frustrated by this situation.
- I strongly disagree with that position.",,False
my god you are ignorant,0,1,0.8062289953231812,"it includes threatening language. Wishing harm on others creates a hostile environment and is never acceptable. Consider saying any of the following:
- I'm angry, but I want to address this constructively.
- This really upset me, and I need to say that clearly.
- Let's deal with the issue directly instead of escalating it.",,False
Im glad I met this chick. Reminds me the trash I left behind,0,1,0.907044529914856,"it includes threatening language. Wishing harm on others creates a hostile environment and is never acceptable. Consider saying any of the following:
- I'm angry, but I want to address this constructively.
- This really upset me, and I need to say that clearly.
- Let's deal with the issue directly instead of escalating it.",,False
the definition pathetic is when one likes his own comment.,0,1,0.9689627289772034,"it includes threatening language. Wishing harm on others creates a hostile environment and is never acceptable. Consider saying any of the following:
- I'm angry, but I want to address this constructively.
- This really upset me, and I need to say that clearly.
- Let's deal with the issue directly instead of escalating it.",,False
"too funny. once again this emotional cripple editor has deleted my post after I received several thumbs up. To a liberal emotional cripple stating the truth is being uncivil, but I will always say in their defense, they can only work with the )&$% fer brains they were born with.",1,0,0.9770961403846741,,Comment is safe,False
Fitzpatrick is trash bruh,0,1,0.5130356550216675,"the language here is unnecessarily harsh. Strong words can make people defensive and stop listening to what you have to say. Consider saying any of the following:
- I feel strongly about this, and here's my honest view.
- I'm really frustrated by this situation.
- I strongly disagree with that position.",,False
"Oh, please make it a butt-ugly box like Capstone and the Hub. I like things to match and Eugene has become a Mecca for hideous design.",0,1,0.5316823720932007,"the language here is unnecessarily harsh. Strong words can make people defensive and stop listening to what you have to say. Consider saying any of the following:
- I feel strongly about this, and here's my honest view.
- I'm really frustrated by this situation.
- I strongly disagree with that position.",,False
republicans have become the party of evil in america .,1,0,0.6067529916763306,,Comment is safe,False
a sick dog must be put down .,1,0,0.6623716354370117,,Comment is safe,False
"RT @TooRacist: Some black guy at my school asked if there were colored printers in the library.

""It's 2014 man you can use any printer you&#8230;",1,0,0.7277910113334656,,Comment is safe,False
Seem like da colored folk be gettin in da way lately. I just sayin,1,0,0.8919280171394348,,Comment is safe,False
"#porn,#android,#iphone,#ipad,#sex,#xxx, | #Fisting | Whipped Cream Fisting http://t.co/b4JCMCtEwq",1,0,0.7560880184173584,,Comment is safe,False
the free world doesnt need your ignorance .,0,1,0.8757689595222473,"the language here is unnecessarily harsh. Strong words can make people defensive and stop listening to what you have to say. Consider saying any of the following:
- I feel strongly about this, and here's my honest view.
- I'm really frustrated by this situation.
- I strongly disagree with that position.",,False
So I decided to drive to the good walmart where the colored folks don't go bc it's food here.,1,0,0.9640213251113892,,Comment is safe,False
"Jules Bailey would have us overlook his church's discriminatory policies simply because he says he disagrees with them.  And anyway, ""we're family"", as if it's just his crazy Uncle Imago Dei in the attic.

Mr. Baily's religion is his private business.  Nonetheless, as a candidate ""running to be a mayor for everybody"", the organizations he chooses to join are a very valid indicator of his beliefs and values.  (Jules, there are hundreds of churches which do not deny civil rights to the LBGT community.  Did you even look?)

Portlanders care deeply when a mayoral candidate chooses to join an organization which denies civil rights to any group.  What if Mr. Bailey chose to join an organization which denied civil rights to blacks?  Women? Moslems? 

As they say, Mr. Bailey, ""you can choose your friends but you can't choose your family."" In this case, you have chosen to affiliate yourself with ""family"" which denies the LBGT community full civil rights. Portland voters will not overlook this.",1,0,0.9966895580291748,,Comment is safe,False
"Virtually zero protections for LGBTQ persons in Alabama. Not a lot of acceptance, either. Think about queer Alabamian kids today?",0,1,0.5842922925949097,"it dismisses the other person entirely. You can disagree strongly without being disrespectful. Consider saying any of the following:
- Let's keep this conversation constructive.
- I want to respond honestly but respectfully.
- I disagree, but I'd rather keep this productive.",,False
Way to half ass it. You guys gave up in the middle of the night. You even came back the next day to do you photo for the article.,1,0,0.5038263201713562,,Comment is safe,False
@MeowMariss i thought i was the ghetto word for babe,0,1,0.5272279381752014,"it includes threatening language. Wishing harm on others creates a hostile environment and is never acceptable. Consider saying any of the following:
- I'm angry, but I want to address this constructively.
- This really upset me, and I need to say that clearly.
- Let's deal with the issue directly instead of escalating it.",,False
@discordianslip If you say one disparaging word about the Charlie Brown xmas special I will slash the tires on your car.,1,0,0.9332137703895569,,Comment is safe,False
"What is excuse for debacle before new sheriff? But....Mayor if you can step in to have city buy LIO for $32 million dollars just so legislators can look down from glass tower, then you take any tax plan and pay for our services with that $32 million. What, you and wife do cocktails with ""pilfer""? What is f,.......g wrong with these people. Pull your head out your pants and see that the citizens are really furious with you. Thid is so wrong in so many way. Isn't anyone listening. American's can be more destructive when angry. You leaders are flirting with your careers and lively hoods. Where is ACLU. Our rights are being threatened by idiots!  Course Marie and Louie didn't hear noise either. Neither did England!",1,0,0.9756895303726196,,Comment is safe,False
killer pit fighting dogs attract degenerate people .,1,0,0.7048197388648987,,Comment is safe,False
that was a good edit the polar bear is gay !,1,0,0.7739797234535217,,Comment is safe,False
every year this lady gets nuttier .,1,0,0.7140499949455261,,Comment is safe,False
yeah that's what all lousy comedians say when they bomb......you just weren't funny......so sorry and I hope your wittle feelweens are too hurt,0,1,0.5615003108978271,"it includes threatening language. Wishing harm on others creates a hostile environment and is never acceptable. Consider saying any of the following:
- I'm angry, but I want to address this constructively.
- This really upset me, and I need to say that clearly.
- Let's deal with the issue directly instead of escalating it.",,False
immoral people who should be driven out of office asap .,0,1,0.5053791403770447,"the language here is unnecessarily harsh. Strong words can make people defensive and stop listening to what you have to say. Consider saying any of the following:
- I feel strongly about this, and here's my honest view.
- I'm really frustrated by this situation.
- I strongly disagree with that position.",,False
You didn't hurt my feelings. Why would you assume you did? I enjoyed pointing out how Obama not attending the funeral is an example of the dumb attacks rampant in the GOP these days.,1,0,0.6308162808418274,,Comment is safe,False
trump dint order to fire black sportsmen.,0,1,0.7143914699554443,"the language here is unnecessarily harsh. Strong words can make people defensive and stop listening to what you have to say. Consider saying any of the following:
- I feel strongly about this, and here's my honest view.
- I'm really frustrated by this situation.
- I strongly disagree with that position.",,False
I'm sure @AFP would add this helpful parenthetical explanation if these were redneck peckerwood teabaggers. https://t.co/zkqg5WfE5R,1,0,0.5611305832862854,,Comment is safe,False
"I speak from several experiences. I have firsthand experience with family members with mental disabilities. I didn't have to 8th grade because I had a 10th grade aptitude having taught myself. Oregon public schools made me a teachers aide for students with learning disabilities and that's what I did for that school year. Currently my adopted daughter is a special ed teacher. As for your ""or maybe you're just an idiot"" comment, I never expect people like you to post anything remotely intelligent as you are incapable of addressing what I posted. That would require intelligence.",1,0,0.7065246105194092,,Comment is safe,False
Your intellectual bankruptcy is as shameless as they come. At no time will you address the facts I have stated and run like a gutless coward from an intellectually honest debate on this despicable public policy that cannot remotely pass scrutiny.,0,1,0.6740996241569519,"it attacks the person rather than the argument. Name-calling doesn't help anyone understand your point better. Consider saying any of the following:
- I disagree with that, and here's why.
- I see this differently, and I want to explain my view clearly.
- I don't think that's accurate or fair.",,False
"HOT ISIS SOCIAL MEDIA PHOTO: Laughing Jihadis Get Baby To Kick Severed Head &#8211; ***warning, graphic*** http://t.co/7Zr8daxNg4 #tcot #pjnet",1,0,0.5244544744491577,,Comment is safe,False
"Practically got arrested tonight, not allowed on UTampa grounds for a year now... fml im retarded",0,1,0.7401401400566101,"the language here is unnecessarily harsh. Strong words can make people defensive and stop listening to what you have to say. Consider saying any of the following:
- I feel strongly about this, and here's my honest view.
- I'm really frustrated by this situation.
- I strongly disagree with that position.",,False
"RT @iROiB: When she comes through with the nudes, but they trash, but she got big titties http://t.co/1weYPG8rEr",1,0,0.608913779258728,,Comment is safe,False
"@FemsHaveBallz have u spent significant time in ANY ghetto, or witnessed the years of terrorism committed by police in the Black community?",0,1,0.6286123991012573,"it contains inappropriate content. There are better ways to express your thoughts constructively. Consider saying any of the following:
- Let me rephrase that in a more appropriate way.
- I can say that more clearly and respectfully.
- Here's a better way to express that.",,False
"Tolerance? What, in sharpening knives? 200+ years Jihadis have been a pain in our a$$. @GermanShepher10 @crookedwren @allahpundit @JammieWF",1,0,0.6900317072868347,,Comment is safe,False
i will alxays return : delete myarticles stupydbitch,1,0,0.951009213924408,,Comment is safe,False
Maybe people should pay their drug bill. Collections hurt! These are different business ideas on dealing drugs. Cartels outsider will kill you if you stiff them. Cartels people are here can't see using anything except force to stop invasion! Kill them all before they turn population into drug zombies.,1,0,0.9134977459907532,,Comment is safe,False
Obama refused to stand up for America in front of a two bit Cuban punk.,0,1,0.674917995929718,"the language here is unnecessarily harsh. Strong words can make people defensive and stop listening to what you have to say. Consider saying any of the following:
- I feel strongly about this, and here's my honest view.
- I'm really frustrated by this situation.
- I strongly disagree with that position.",,False
You hit both nails on the head.,1,0,0.8027280569076538,,Comment is safe,False
&#8220;@SlimThickChicks: &#128525;&#128525;&#128525;&#128525; http://t.co/qMhkkQH8hg&#8221;kid in the yellow is rock hard,1,0,0.7562758326530457,,Comment is safe,False
There were rumours back in about this person and after watching the ignorant voters putting into place,0,1,0.5391168594360352,"it includes threatening language. Wishing harm on others creates a hostile environment and is never acceptable. Consider saying any of the following:
- I'm angry, but I want to address this constructively.
- This really upset me, and I need to say that clearly.
- Let's deal with the issue directly instead of escalating it.",,False
@kayliefarmer hey now there's no need for foul language you kike,0,1,0.597565770149231,"the language here is unnecessarily harsh. Strong words can make people defensive and stop listening to what you have to say. Consider saying any of the following:
- I feel strongly about this, and here's my honest view.
- I'm really frustrated by this situation.
- I strongly disagree with that position.",,False
the lot of them are not worthy of respect and should be driven from the communityent people .,1,0,0.9651161432266235,,Comment is safe,False
"No surprise, socialists want other people to pay for their college.

I hope Sanders wins because Clinton is a liar.",1,0,0.6808772683143616,,Comment is safe,False
without those controls youd be sucking in acid rain .,1,0,0.5568897724151611,,Comment is safe,False
go get your head checked !,1,0,0.9858518838882446,,Comment is safe,False
This tax raises $21 million a year when according to the city they need at least $200 million a year over ten years to deal with the decades long neglect to our streets.   Until the council comes up with priority budgeting out of existing revenue streams (utility franchise fees and general fund money) of at least $100 million annually this accomplishes absolutely nothing.  JUST VOTE NO on this idiotic scheme.,1,0,0.6111592054367065,,Comment is safe,False
men performing drag of ladies is a type of blackface,0,1,0.6970245242118835,"it includes threatening language. Wishing harm on others creates a hostile environment and is never acceptable. Consider saying any of the following:
- I'm angry, but I want to address this constructively.
- This really upset me, and I need to say that clearly.
- Let's deal with the issue directly instead of escalating it.",,False
RT @HoskinsTy96: @Vontey_isa_boss &#128514;&#128514;&#128514; ghetto ass mofos,0,1,0.9816521406173706,"it includes threatening language. Wishing harm on others creates a hostile environment and is never acceptable. Consider saying any of the following:
- I'm angry, but I want to address this constructively.
- This really upset me, and I need to say that clearly.
- Let's deal with the issue directly instead of escalating it.",,False
S/o to my ace boon @Yeahh_Doe one of the few of the real girls on campus!! #YouMyNigga,1,0,0.7145054340362549,,Comment is safe,False
Too bad you never did Don. Cas has a wonderful legacy as a coach and wouldn't put up with your foolishness that lead you to where you are today - our onsite version of Don Trump.,0,1,0.5561923980712891,"the language here is unnecessarily harsh. Strong words can make people defensive and stop listening to what you have to say. Consider saying any of the following:
- I feel strongly about this, and here's my honest view.
- I'm really frustrated by this situation.
- I strongly disagree with that position.",,False
RT @danicafjelstul: If you ain't a gator you're gator bait &#128076;,0,1,0.5312255024909973,"the language here is unnecessarily harsh. Strong words can make people defensive and stop listening to what you have to say. Consider saying any of the following:
- I feel strongly about this, and here's my honest view.
- I'm really frustrated by this situation.
- I strongly disagree with that position.",,False
Making up Drake disses&gt;&gt; RT @RepMyCityX: @TyZebruh cant wait to call it trash and tell everyone that B L U will forver be the goat out of LA,0,1,0.7356082797050476,"the language here is unnecessarily harsh. Strong words can make people defensive and stop listening to what you have to say. Consider saying any of the following:
- I feel strongly about this, and here's my honest view.
- I'm really frustrated by this situation.
- I strongly disagree with that position.",,False
"The OPD killed LaVoy, not that fact matter much to your ilk.",0,1,0.6683851480484009,"the language here is unnecessarily harsh. Strong words can make people defensive and stop listening to what you have to say. Consider saying any of the following:
- I feel strongly about this, and here's my honest view.
- I'm really frustrated by this situation.
- I strongly disagree with that position.",,False
You are crazy.,0,1,0.8542126417160034,"it includes threatening language. Wishing harm on others creates a hostile environment and is never acceptable. Consider saying any of the following:
- I'm angry, but I want to address this constructively.
- This really upset me, and I need to say that clearly.
- Let's deal with the issue directly instead of escalating it.",,False
Want to touch tha boootyyyyy....neeeeed to touch the heinie &#127825;,0,1,0.7271147966384888,"the language here is unnecessarily harsh. Strong words can make people defensive and stop listening to what you have to say. Consider saying any of the following:
- I feel strongly about this, and here's my honest view.
- I'm really frustrated by this situation.
- I strongly disagree with that position.",,False
RT @shaelynspacyyy: &#8220;@UglyAssDerrick: @shaelynspacyyy they trash though?&#8221; http://t.co/dJ5kvo7RSr,1,0,0.570343554019928,,Comment is safe,False
I got a uncle through marriage dude got hips like big momma I swear all the lil kids mock his walk and he don't even know it,0,1,0.6675153374671936,"the language here is unnecessarily harsh. Strong words can make people defensive and stop listening to what you have to say. Consider saying any of the following:
- I feel strongly about this, and here's my honest view.
- I'm really frustrated by this situation.
- I strongly disagree with that position.",,False
"You, and anyone who liked this post are ignorant",0,1,0.8527895212173462,"it contains inappropriate content. There are better ways to express your thoughts constructively. Consider saying any of the following:
- Let me rephrase that in a more appropriate way.
- I can say that more clearly and respectfully.
- Here's a better way to express that.",,False
"i am sure this woman is clever, she simply enjoys doing stupid things.",0,1,0.9709354043006897,"it includes threatening language. Wishing harm on others creates a hostile environment and is never acceptable. Consider saying any of the following:
- I'm angry, but I want to address this constructively.
- This really upset me, and I need to say that clearly.
- Let's deal with the issue directly instead of escalating it.",,False
RT @SouthsideVic: Keebler elves gone have to make weed brownies when it's legalized. In da tree trunk but da trap going crazy. Bro that shi&#8230;,1,0,0.7560586929321289,,Comment is safe,False
Horny called me asking her to buy her a drink this morning and then this jiggaboo walks in WITH A SONIC DRINK IN HER HAND #DONE,0,1,0.799881637096405,"it includes threatening language. Wishing harm on others creates a hostile environment and is never acceptable. Consider saying any of the following:
- I'm angry, but I want to address this constructively.
- This really upset me, and I need to say that clearly.
- Let's deal with the issue directly instead of escalating it.",,False
"that's true, and why I qualified this social disease as LIBERAL DEMENTIA.  This isn't about trash talking liberals, it is a fact that these people have a mental illness that is incapable of grasping simple facts.",1,0,0.9830783009529114,,Comment is safe,False
"RT @_clearlyspoken: Side bxtches gettin lit up outchea, y'all birds better tighten up.",1,0,0.8541065454483032,,Comment is safe,False
"Well, you see, a Private corporation, like the one which runs the 5th Street public market,  does not have to coddle the vagrants and leeches and permit them to harass their customers and visitors because it is Private Property.",1,0,0.9649225473403931,,Comment is safe,False
"Yeah, let's not get sidetracked from the disgusting behavior of our prince and his imperial behavior",0,1,0.6301119327545166,"it targets a group with hatred. Everyone deserves respect regardless of their identity or beliefs. Consider saying any of the following:
- I disagree with that viewpoint, but I want to keep this respectful.
- I have strong concerns about this idea, and here's why.
- I see this issue very differently.",,False
castro was a brutal dictator .,1,0,0.645374059677124,,Comment is safe,False
and your assertion that only muslims use the term god willing is beyond laughable .,1,0,0.768169105052948,,Comment is safe,False
my advise to black south africans is to be very careful .,1,0,0.6362953782081604,,Comment is safe,False
@CallNeeshCakey we in this bitch finna get crunk eyebrows on double PAPP &#128165;&#128165;,0,1,0.9982896447181702,"the language here is unnecessarily harsh. Strong words can make people defensive and stop listening to what you have to say. Consider saying any of the following:
- I feel strongly about this, and here's my honest view.
- I'm really frustrated by this situation.
- I strongly disagree with that position.",,False
what a bag of poo .,1,0,0.8250159621238708,,Comment is safe,False
The electorate is ripe for an outsider. It's too bad this buffoon came along at the perfect time.,1,0,0.7245825529098511,,Comment is safe,False
"When all else fails, blast bare nips",0,1,0.868107259273529,"the language here is unnecessarily harsh. Strong words can make people defensive and stop listening to what you have to say. Consider saying any of the following:
- I feel strongly about this, and here's my honest view.
- I'm really frustrated by this situation.
- I strongly disagree with that position.",,False
Little things can just kill a negros mood man,0,1,0.7927520275115967,"it contains inappropriate content. There are better ways to express your thoughts constructively. Consider saying any of the following:
- Let me rephrase that in a more appropriate way.
- I can say that more clearly and respectfully.
- Here's a better way to express that.",,False
Who said anything about opposing liberals going to the MWR to physically remove Bundy? Answer no one! As I pointed out I believe at least 6 who did oppose the Bundy's did go and meet face to face. That leaves the vast majority of liberal trash talkers with apparently a  weak bladder problem in my estimation.,1,0,0.958613395690918,,Comment is safe,False
Our national security has been compromised by having incompetent people in charge.,0,1,0.699517011642456,"the language here is unnecessarily harsh. Strong words can make people defensive and stop listening to what you have to say. Consider saying any of the following:
- I feel strongly about this, and here's my honest view.
- I'm really frustrated by this situation.
- I strongly disagree with that position.",,False
men worshipping a male diety is kinda gay .,1,0,0.6023508906364441,,Comment is safe,False
"What drives Don Trump? His Hitler bedside tapes, calling women dogs, lies buy the bucketful, racist beliefs, and an evil flock of supporters.",1,0,0.6360525488853455,,Comment is safe,False
The groups you mentioned are the shock troops of the elite who are scared of a POTUS they can't control when in office. All of those groups are financed by the George Soros types of the world who are stripping this country of anything of value before they collapse our economy. The only person with what it takes to make the tough decisions and to resist the zio mafia currently in charge is Trump our only fear should be that he will find himself channeling JFK RFK MLK and many others before him before he is able to rid us of these parasites,1,0,0.9846204519271851,,Comment is safe,False
"RT @neverknownfacts: A person needs just three things to be truly happy in the world: someone to love, something to do, and something to ho&#8230;",0,1,0.7304216027259827,"the language here is unnecessarily harsh. Strong words can make people defensive and stop listening to what you have to say. Consider saying any of the following:
- I feel strongly about this, and here's my honest view.
- I'm really frustrated by this situation.
- I strongly disagree with that position.",,False
&#8220;@RaleighBeougher: dumb beaner&#8221; http://t.co/r0hABEQhSu,0,1,0.8190346956253052,"the language here is unnecessarily harsh. Strong words can make people defensive and stop listening to what you have to say. Consider saying any of the following:
- I feel strongly about this, and here's my honest view.
- I'm really frustrated by this situation.
- I strongly disagree with that position.",,False
@JOLTNG niger,1,0,0.9413256049156189,,Comment is safe,False
"its time to kill them back , when caught trafficking these terrorist deserve to be exicuted",1,0,0.7265262007713318,,Comment is safe,False
RT @UsGEMINIS: #Gemini doesn't really look back at their ex's. Some things just look better in the trash!!,1,0,0.8974335789680481,,Comment is safe,False
"Mike Krzyzewski was just complaining, a sore loser.  Brooks nailed a beautiful shoot from way-out.  BTW - Brooks took the shoot to avoid expiring the shot-clock.",0,1,0.7417863607406616,"the language here is unnecessarily harsh. Strong words can make people defensive and stop listening to what you have to say. Consider saying any of the following:
- I feel strongly about this, and here's my honest view.
- I'm really frustrated by this situation.
- I strongly disagree with that position.",,False
"&#8220;@A_Brown_30: Frogger, best game ever&#8221; only cuz You suck at flappy bird",0,1,0.7158651947975159,"the language here is unnecessarily harsh. Strong words can make people defensive and stop listening to what you have to say. Consider saying any of the following:
- I feel strongly about this, and here's my honest view.
- I'm really frustrated by this situation.
- I strongly disagree with that position.",,False
I think you are a loser.,0,1,0.9869852662086487,"the language here is unnecessarily harsh. Strong words can make people defensive and stop listening to what you have to say. Consider saying any of the following:
- I feel strongly about this, and here's my honest view.
- I'm really frustrated by this situation.
- I strongly disagree with that position.",,False
"When Piercy was running for re-election as state rep we crossed paths. She told me if I voted for her she would work hard to restore school budgets to adequate levels. I asked a simple question: ""what is the school budget per child now?"" She pretended not to understand the question so I rephrased it; ""how much as we spending per child on public education?"" She finally admitted she had no idea the answer, and so I asked her: ""if you do not know what the school budget actually is, how do you know if it is adequately funded or not?"" She wouldn't answer that question, and bailed. I am hard pressed to think of a more incompetent, uneducated fool, to hold office than Piercy.",1,0,0.9989903569221497,,Comment is safe,False
saunders classic: start with a ridiculous premise and keep digging,0,1,0.929931104183197,"it attacks the person rather than the argument. Name-calling doesn't help anyone understand your point better. Consider saying any of the following:
- I disagree with that, and here's why.
- I see this differently, and I want to explain my view clearly.
- I don't think that's accurate or fair.",,False
You want to shoot all up and down the aisle just like that guy in the black church,0,1,0.5134126543998718,"the language here is unnecessarily harsh. Strong words can make people defensive and stop listening to what you have to say. Consider saying any of the following:
- I feel strongly about this, and here's my honest view.
- I'm really frustrated by this situation.
- I strongly disagree with that position.",,False
@ActaBunniFooFoo I like my gross yellow heat lamps. Why?,0,1,0.5228466987609863,"it includes threatening language. Wishing harm on others creates a hostile environment and is never acceptable. Consider saying any of the following:
- I'm angry, but I want to address this constructively.
- This really upset me, and I need to say that clearly.
- Let's deal with the issue directly instead of escalating it.",,False
@RivenbarkYahoo @hale_razor jim Hogg county a dirt poor democrat leaning county.. Hebronville is it's seat. Been there it's a near ghetto,1,0,0.6935849189758301,,Comment is safe,False
"Won't talk about it? Because they are cowards.

Somebody should at least ask them what they are trying to accomplish.",0,1,0.6064470410346985,"it includes threatening language. Wishing harm on others creates a hostile environment and is never acceptable. Consider saying any of the following:
- I'm angry, but I want to address this constructively.
- This really upset me, and I need to say that clearly.
- Let's deal with the issue directly instead of escalating it.",,False
@elchavaloko Toma ESO negros @panama,0,1,0.6578873991966248,"it contains inappropriate content. There are better ways to express your thoughts constructively. Consider saying any of the following:
- Let me rephrase that in a more appropriate way.
- I can say that more clearly and respectfully.
- Here's a better way to express that.",,False
"Winterberry offers a holistic option to education.  Honey, if you kill the teacher she won't be able to teach you any more  :  /",1,0,0.8821354508399963,,Comment is safe,False
"So you are implying that Oregon schools are such a catastrophe because of a lack of parental involvement or low socioeconomic status as compared to 49 other states that beat us in education achievement?

And if your reading comprehension is so superior to mine, perhaps you would care to revisit my original comment. All I said was that charter schools have been very successful in ""other states."" I didn't say ""all states."" I then suggested a reason why I think that Oregon's lackluster charter school program has been deliberately sabotaged.  

Now, I'm fairly certain that you are a troll with a fake account name as well. Use your own name to comment in public or I will be forced to call you a coward. Stop wasting my time.",1,0,0.8901003003120422,,Comment is safe,False
"Hey if Nike and Intel want to fund a light rail line over the Tuallitan Mountains across cross the river and smack into the Lincoln Neighborhood of Vancouver, I would not object. Otherwise, this not only unwise but unwelcome exploration has got to be cover for something really stupid. 

I cannot imagine any other reason.",0,1,0.5022767782211304,"it targets a group with hatred. Everyone deserves respect regardless of their identity or beliefs. Consider saying any of the following:
- I disagree with that viewpoint, but I want to keep this respectful.
- I have strong concerns about this idea, and here's why.
- I see this issue very differently.",,False
are we to be so bold as to attempt to feed garbage food to billions of people ?,1,0,0.6432216167449951,,Comment is safe,False
Budget we don't need no stinking budget,0,1,0.5042187571525574,"the language here is unnecessarily harsh. Strong words can make people defensive and stop listening to what you have to say. Consider saying any of the following:
- I feel strongly about this, and here's my honest view.
- I'm really frustrated by this situation.
- I strongly disagree with that position.",,False
"@AnnaComan2 she was the principle for a ghetto elementary school, I doubt it. But fingers crossed&#128527;",1,0,0.5416407585144043,,Comment is safe,False
"which one of these names is more offensive kike, wop, kraut, wetback jigaboo, towelhead, gook, or redskin.",1,0,0.7354013919830322,,Comment is safe,False
The two ringless fags RT @EverybodyHatesX: Barkley &amp; Reggie were talking nonsense the entire game,0,1,0.9682151079177856,"it includes threatening language. Wishing harm on others creates a hostile environment and is never acceptable. Consider saying any of the following:
- I'm angry, but I want to address this constructively.
- This really upset me, and I need to say that clearly.
- Let's deal with the issue directly instead of escalating it.",,False
"RT @vodkapapixo: ""@Weed_Cloudz: ""6 God"" by Drake is trash"" thank you",1,0,0.8447386622428894,,Comment is safe,False
"And, if you don't understand the difference between male and female, just try to go into a women's head if you are male . . . I know a lot of women who carry and who might be a bit concerned over a man dressed as a woman coming into their domain . . . not right, perverse, ill-advised.  Leave my grand-daughter's out of this sick malarkey.  Men go to the head in men's rooms, not women's.",1,0,0.9244164824485779,,Comment is safe,False
Doing nothing is better then doing something stupid .,0,1,0.9847358465194702,"it includes threatening language. Wishing harm on others creates a hostile environment and is never acceptable. Consider saying any of the following:
- I'm angry, but I want to address this constructively.
- This really upset me, and I need to say that clearly.
- Let's deal with the issue directly instead of escalating it.",,False
"chinese and italians and brazilians and eskimos do it and , they all say fk in english .",1,0,0.955825686454773,,Comment is safe,False
"Mata'i ngeli, alu o polosi ho nifo..",0,1,0.7947073578834534,"it includes threatening language. Wishing harm on others creates a hostile environment and is never acceptable. Consider saying any of the following:
- I'm angry, but I want to address this constructively.
- This really upset me, and I need to say that clearly.
- Let's deal with the issue directly instead of escalating it.",,False
"where both candidates have ties to a convicted pedophile , the lolita express and sex slave island .",1,0,0.6915188431739807,,Comment is safe,False
@nhatty_ice49ers thank you jackass zebras,0,1,0.8451108336448669,"the language here is unnecessarily harsh. Strong words can make people defensive and stop listening to what you have to say. Consider saying any of the following:
- I feel strongly about this, and here's my honest view.
- I'm really frustrated by this situation.
- I strongly disagree with that position.",,False
if uckin love freebees like pom I'm so duck to have here in hm life,1,0,0.827095627784729,,Comment is safe,False
"@DinoLich Don't yell at me, I love both of the evolutionary lines. @ClaudiaVice despises the trash buddies.",0,1,0.5168906450271606,"the language here is unnecessarily harsh. Strong words can make people defensive and stop listening to what you have to say. Consider saying any of the following:
- I feel strongly about this, and here's my honest view.
- I'm really frustrated by this situation.
- I strongly disagree with that position.",,False
"are the navigators asleep , or having sex , or something ?",1,0,0.956125020980835,,Comment is safe,False
"if you want just homosexual beheadings , here is that link : .",1,0,0.572761595249176,,Comment is safe,False
"JP says:  ""Trump is a product of many angry, mostly white Americans""

Racist stereotyping duly noted.",1,0,0.6056902408599854,,Comment is safe,False
RT @AsaAkira: A bird just flew into my hotel room. I'd rather get gangbanged by 10 Mandingos for 2 days straight than experience that again&#8230;,1,0,0.9090614318847656,,Comment is safe,False
lmao RT @SirRocObama: Tu Madre RT @WaymoTheGod: nacho doritos trash,1,0,0.7344169020652771,,Comment is safe,False
"They actually pay her by the word for this drivel!  

""talking about globalization proactively, realistically and, yes, optimistically""  ""globalization as a profound psychological issue""  ""an expanding, assimilating organ nourished by diverse cultures, symbiotic systems and a rapidly converging collective psyche""  ""the human race, not just this country, is on the verge of awesomeness"".",1,0,0.9971416592597961,,Comment is safe,False
"Disgusting and of ill repute.  Gary Stevens, Paul Seaton, Mike Hawker and ALL Alaska legislatures ... A MESSAGE FROM THE TAXPAYERS WHO HIRED YOU & WILL PROBABLY FIRE YOU ...   we read in one article about the building, that even the trash cans are motion sensored (meaning you don't have to touch the trash can to toss your garbage) it's automated. TAXPAYERS should NOT be required to pay for this sort of crap. WHY SHOULD ""PUBLIC SERVANTS"" have ""better digs"" than the people they work-for?  TAXPAYERS ...remember They work FOR US. We should have a say in how our money is spent.  Taxpayers, your say in how your money is spent will be yours in November.  VOTE FOR the person other than the incumbent...whoever it is.  Just vote for the other person.",1,0,0.6018872261047363,,Comment is safe,False
"And he do this for free, just for the joy of humiliating the arrogant and illinformed.",0,1,0.8648526668548584,"the language here is unnecessarily harsh. Strong words can make people defensive and stop listening to what you have to say. Consider saying any of the following:
- I feel strongly about this, and here's my honest view.
- I'm really frustrated by this situation.
- I strongly disagree with that position.",,False
"its not the camping, its the mounds of garbage. I don't care if people sleep in tents but the kinds of campers all along waterfront and out on the trail are the very worst offenders and clearly didn't get the pack in pack out message. that's what the city seems to be tolerating. giant shit heaps along otherwise pretty corridors. if the city is going to allow camping it better give its garbage men a raise!!!",1,0,0.6748226284980774,,Comment is safe,False
"Betty Taylor, notorious hypocrite, voted for the city's climate change policies and to encourage more travel by bicycle, foot and transit. Meanwhile, she's out there terrorizing anyone who dares to walk with her scofflaw driving. Shame on her, whether she has the capacity to feel shame or not. With ""leadership"" like that, no wonder Eugene has uniquely lost 37% of its cyclists since 2009.

Ms Taylor, it's time. You're 90 years old, putting you well into the age of the most deadly drivers on the road. Turn in the car keys before you kill. Your loved ones have dropped the ball by not informing you and have left it to the police to get your attention. Please, heed his warning.",1,0,0.9437444806098938,,Comment is safe,False
"@Bitterchick 
Dare be only one bag dat folks be suckin on what I comes to yo partayyyy! All da ofay be wantin to ride in my eldorato",0,1,0.7387952208518982,"the language here is unnecessarily harsh. Strong words can make people defensive and stop listening to what you have to say. Consider saying any of the following:
- I feel strongly about this, and here's my honest view.
- I'm really frustrated by this situation.
- I strongly disagree with that position.",,False
stop the insanity for gawd sakes .,0,1,0.9140186309814453,"it includes threatening language. Wishing harm on others creates a hostile environment and is never acceptable. Consider saying any of the following:
- I'm angry, but I want to address this constructively.
- This really upset me, and I need to say that clearly.
- Let's deal with the issue directly instead of escalating it.",,False
"This story gets more ridiculous by the hour! And, I love that people are sending these guys dildos in the mail now. But… if they really think there's a happy ending in this for any of them, I think they're even more deluded than all of the jokes about them assume.",0,1,0.6250699162483215,"it targets a group with hatred. Everyone deserves respect regardless of their identity or beliefs. Consider saying any of the following:
- I disagree with that viewpoint, but I want to keep this respectful.
- I have strong concerns about this idea, and here's why.
- I see this issue very differently.",,False
Why are you being so unfun?,0,1,0.6871635913848877,"it includes threatening language. Wishing harm on others creates a hostile environment and is never acceptable. Consider saying any of the following:
- I'm angry, but I want to address this constructively.
- This really upset me, and I need to say that clearly.
- Let's deal with the issue directly instead of escalating it.",,False
Knock em down wit sum chunky &#128548;&#128299;,0,1,0.8531937003135681,"the language here is unnecessarily harsh. Strong words can make people defensive and stop listening to what you have to say. Consider saying any of the following:
- I feel strongly about this, and here's my honest view.
- I'm really frustrated by this situation.
- I strongly disagree with that position.",,False
"Why isn't pfeffer in jail yet?  A bigger narcissistic double-talking con artist does not exist.  Do not buy the building at any cost.  Let him be stuck with this contaminated piece of cr@p.  There is no way possible to delouse this building, it's cursed.",1,0,0.885176956653595,,Comment is safe,False
"speaking as a democrat , i honestly dont give a sht anymore .",1,0,0.796527087688446,,Comment is safe,False
one thing that never fails to amaze me is the hypocrisy of those on the left .,1,0,0.827094316482544,,Comment is safe,False
Pullout game trash... &#171;@arigold_88 Iyanla having an intrrvention with a man who has 34 kids with 17 women. I have other questions.&#187;,1,0,0.8605217933654785,,Comment is safe,False
1300 for the eggs sunny side nicca .. @EastsideDame,0,1,0.9718841314315796,"it includes threatening language. Wishing harm on others creates a hostile environment and is never acceptable. Consider saying any of the following:
- I'm angry, but I want to address this constructively.
- This really upset me, and I need to say that clearly.
- Let's deal with the issue directly instead of escalating it.",,False
Ayy Carlton is a ghetto school now #SwitchedAtBirth,1,0,0.6337658762931824,,Comment is safe,False
"the only evidence so far , has , and always will , lead right back to the corrupt democrats !",1,0,0.7419617176055908,,Comment is safe,False
It's a pity politicians have to be incompetent,0,1,0.5738462805747986,"the language here is unnecessarily harsh. Strong words can make people defensive and stop listening to what you have to say. Consider saying any of the following:
- I feel strongly about this, and here's my honest view.
- I'm really frustrated by this situation.
- I strongly disagree with that position.",,False
"""@gurl_Im_Angie: @ItsKiaraaaa @WestYourMajesty I'm not even shy stfu"" kikis mom: Hi angelique 
Angelique: Smiles *Dips cracker in soup*",1,0,0.5430108308792114,,Comment is safe,False
Her point was the sponsors of thein Washington are very ignorant people,0,1,0.6546548008918762,"the language here is unnecessarily harsh. Strong words can make people defensive and stop listening to what you have to say. Consider saying any of the following:
- I feel strongly about this, and here's my honest view.
- I'm really frustrated by this situation.
- I strongly disagree with that position.",,False
It sure as hell has worked in making the very real point that wweek are being hypocrits in their attack of the restaurant.,0,1,0.6004348993301392,"it includes threatening language. Waking up in public without being warned or informed is not acceptable. Consider saying any of the following:
- I'm angry, but I want to address this constructively.
- This really upset me, and I need to say that clearly.
- Let's deal with the issue directly instead of escalating it.",,False
RT @TEL1967: Darn trash man he beat me to the good stuff again. http://t.co/vdDJQ4l0mg,0,1,0.8993328213691711,"the language here is unnecessarily harsh. Strong words can make people defensive and stop listening to what you have to say. Consider saying any of the following:
- I feel strongly about this, and here's my honest view.
- I'm really frustrated by this situation.
- I strongly disagree with that position.",,False
"Of course, the only majority loser is clinton",0,1,0.871860921382904,"it attacks the person rather than the argument. Name-calling doesn't help anyone understand your point better. Consider saying any of the following:
- I disagree with that, and here's why.
- I see this differently, and I want to explain my view clearly.
- I don't think that's accurate or fair.",,False
"This couple is just milking this....the city should go in an condemn it honestly. 
This says it all right here...
“They just try to give you the bottom and not fix you,” he said. “LTD has a lot of money.”",1,0,0.9974541068077087,,Comment is safe,False
ur a sh*tty comment.,1,0,0.6931913495063782,,Comment is safe,False
a monumentally inept leader he has proven to be .,0,1,0.5369740724563599,"it includes threatening language. Wishing harm on others creates a hostile environment and is never acceptable. Consider saying any of the following:
- I'm angry, but I want to address this constructively.
- This really upset me, and I need to say that clearly.
- Let's deal with the issue directly instead of escalating it.",,False
I'd find out first some facts before calling someone a ignorant.,0,1,0.7866296768188477,"it includes threatening language. Wishing harm on others creates a hostile environment and is never acceptable. Consider saying any of the following:
- I'm angry, but I want to address this constructively.
- This really upset me, and I need to say that clearly.
- Let's deal with the issue directly instead of escalating it.",,False
"I'm officially dubbing that nasty, un-natural shade of red that looks good on no one that you usually see in the ghetto ""hood red"".",1,0,0.7107474207878113,,Comment is safe,False
So am I the only cracker up playing his guitar (thank you @Tampa_Rick ) on this Saturday night?,0,1,0.58216792345047,"the language here is unnecessarily harsh. Strong words can make people defensive and stop listening to what you have to say. Consider saying any of the following:
- I feel strongly about this, and here's my honest view.
- I'm really frustrated by this situation.
- I strongly disagree with that position.",,False
What a wetback looks like when he gets caught crossing the border. @Ilovebamf http://t.co/j3Uf1TYubO,1,0,0.6666883230209351,,Comment is safe,False
"This is about the worst thing I have read on the subject. Extremely distasteful and disrespectful. If you only understood how much that animal if suffering, and how long he has suffered after being ripped away from his family 33 years ago, perhaps you would think twice before posting your snarky and heartless opinions. Pure garbage.",1,0,0.5162906646728516,,Comment is safe,False
"""40-20
12 hours ago
Labeling others with the intent to humiliate is what’s uncivil …… “homophobe”, “bigot”, “hatemonger”, “climate change denier”, “teabagger”, “racist”, “neocon”, “right wing extremist”, ad infinitum.""",1,0,0.7279739379882812,,Comment is safe,False
"better we all be neutered , wear jump suits and shave our heads .",1,0,0.6999108791351318,,Comment is safe,False
"This is disgusting treatment of any student black or white, I don't think Adelman can be fixed, let him go.",0,1,0.7550657391548157,"the language here is unnecessarily harsh. Strong words can make people defensive and stop listening to what you have to say. Consider saying any of the following:
- I feel strongly about this, and here's my honest view.
- I'm really frustrated by this situation.
- I strongly disagree with that position.",,False
"You will excuse us if we see this, we are crazy",0,1,0.5404926538467407,"it contains inappropriate content. There are better ways to express your thoughts constructively. Consider saying any of the following:
- Let me rephrase that in a more appropriate way.
- I can say that more clearly and respectfully.
- Here's a better way to express that.",,False
"Once again the shameless intellectually bankrupt clowns refer to criminal vagrancy as ""homelessness."" We're supposed to abandon intelligence, logic, and common sense, and pretend the obnoxious criminal behavior that endangers our community isn't what got these social parasites booted, it's because government didn't steal enough of your wages to give these social parasites a free ride. We are dealing with people (sic) who are dead end dead beat losers void of a work ethic who refuse to grow up and accept the responsibility of adulthood. There are ample programs to get them help and a job, but, they prey on the truly stupid of our community, the obnoxious enablers of this dysfunction who claim they're merely ""homeless.""",1,0,0.653649628162384,,Comment is safe,False
"can you not find anything more important to do , like killing yourself ?",1,0,0.6581794023513794,,Comment is safe,False
"dont give me that, its only hisstart",0,1,0.6150205135345459,"it includes threatening language. Wishing harm on others creates a hostile environment and is never acceptable. Consider saying any of the following:
- I'm angry, but I want to address this constructively.
- This really upset me, and I need to say that clearly.
- Let's deal with the issue directly instead of escalating it.",,False
"The only thing ISIS and al-Qaeda really prove, to intelligent people, it that they are hate mongering, brutal, genocide maniacs, that need to be exterminated from the face of the earth.",1,0,0.652455747127533,,Comment is safe,False
@OLE_VertyBstard @thereal_EMandM @Holt3 lay in it brother I'm a honky,1,0,0.5409588813781738,,Comment is safe,False
"@Misplaced_Momma 
Hello dare momma. I show glad dat u follow me. U lbe screamin hot in dem pitchers. 
You eva b wit colored men?",0,1,0.5797960162162781,"the language here is unnecessarily harsh. Strong words can make people defensive and stop listening to what you have to say. Consider saying any of the following:
- I feel strongly about this, and here's my honest view.
- I'm really frustrated by this situation.
- I strongly disagree with that position.",,False
"More intellectual dishonesty, and you accuse me of being uncivil! Once again, my words are misrepresented by a leftist who cannot  construct a real argument. Has leftism so degraded your mental faculties that you are left with no other approach than the amateurish parsing of language?

I wrote, and meant, ""drunken encounters that are later regretted."" I'm not sure how you can extrapolate that I excuse date rape from this scenario. The fact that an encounter is ""later regretted"" would presume that consent was initially given, would it not? Please stop wasting my time, you aren't on my level. 

As far as my tongue in cheek comment that we ship the postmodern feminist crusaders to Saudi Arabia, you would have to be autistic to take this comment at face value.  You don't seem to understand sarcasm, or maybe your misunderstanding is a deliberate attempt to divert the conversation? Please explain.",1,0,0.9915657043457031,,Comment is safe,False
"""@EdgarPixar: Overdosing on heavy drugs doesn't sound bad tonight."" I do that pussy shit every day.",0,1,0.9979477524757385,"it includes threatening language. Wishing harm on others creates a hostile environment and is never acceptable. Consider saying any of the following:
- I'm angry, but I want to address this constructively.
- This really upset me, and I need to say that clearly.
- Let's deal with the issue directly instead of escalating it.",,False
i think any one of any party who hides from their constituents is a complete chicken and a disgrace,0,1,0.6100759506225586,"it targets a group with hatred. Everyone deserves respect regardless of their identity or beliefs. Consider saying any of the following:
- I disagree with that viewpoint, but I want to keep this respectful.
- I have strong concerns about this idea, and here's why.
- I see this issue very differently.",,False
Just because we want to be tolerant it doesn't mean we have to be dummies too.,0,1,0.8545243144035339,"the language here is unnecessarily harsh. Strong words can make people defensive and stop listening to what you have to say. Consider saying any of the following:
- I feel strongly about this, and here's my honest view.
- I'm really frustrated by this situation.
- I strongly disagree with that position.",,False
"Wow..pretty ignorant statement. How many of the ""other side"" have infiltrated your precious liberal rallies and caused this violence of which you speak? How many of the ""other side"" have blocked roadways in order to stifle others freedom of speech and assembly?? I guess this is one of those rhetorical questions that require no answer.",0,1,0.5038192868232727,"it includes threatening language. Wishing harm on others creates a hostile environment and is never acceptable. Consider saying any of the following:
- I'm angry, but I want to address this constructively.
- This really upset me, and I need to say that clearly.
- Let's deal with the issue directly instead of escalating it.",,False
the hypocrisy in your statement is impressive .,1,0,0.9054328203201294,,Comment is safe,False
and yet the city council ripped out a perfectly good mall that was continually plagued with criminal vagrant social parasites. Meanwhile 5th street public market has expanded and continues to expand just a mere 4 blocks away.,1,0,0.9746579527854919,,Comment is safe,False
"Coos, Umpqua and Siuslaw tribes are nothing but yellow bellied, cry baby, money hogging, cowering, bumbling fools. 

If the tribes had a brain to begin with, they could take this opportunity to forgive and help educate the younger generation about Native American and their history. With this, there is no saving face, because to me, it's an embarrassment to even call myself a native American. It just shows the world how bitter and nasty they are.

The tribes have forgotten, forgiveness is the key to the future.",0,1,0.5551161766052246,"it includes threatening language. Wishing harm on others creates a hostile environment and is never acceptable. Consider saying any of the following:
- I'm angry, but I want to address this constructively.
- This really upset me, and I need to say that clearly.
- Let's deal with the issue directly instead of escalating it.",,False
Bengals kicker trash.,0,1,0.6765520572662354,"it includes threatening language. Wishing harm on others creates a hostile environment and is never acceptable. Consider saying any of the following:
- I'm angry, but I want to address this constructively.
- This really upset me, and I need to say that clearly.
- Let's deal with the issue directly instead of escalating it.",,False
"yeah , a walmart full of shoppers pulling their sidearms to shoot the person with a sidearm .",1,0,0.8444550037384033,,Comment is safe,False
P.s: i am a loser,0,1,0.943045973777771,"the language here is unnecessarily harsh. Strong words can make people defensive and stop listening to what you have to say. Consider saying any of the following:
- I feel strongly about this, and here's my honest view.
- I'm really frustrated by this situation.
- I strongly disagree with that position.",,False
"We are over-run with drunks and drug addicts, yet this perfect location for a treatment facility goes unused. This is insane. I'd much rather see my tax dollars go to effective treatment that removes addicts from the people, places and things that they associate with their addictions than pay for fences and private contractors to lock up the bathrooms every night.

It's a pity Eugene doesn't have a competent, professional city manager or at least some competent senior staff. Addictions can be treated, but we can't fix the flaw in our management staff since it is well known that one cannot fix stupid.",1,0,0.7344148755073547,,Comment is safe,False
@Pinche_Escobar too make up for your yellow chompers? #candyass,0,1,0.6905267238616943,"it includes threatening language. Wishing harm on others creates a hostile environment and is never acceptable. Consider saying any of the following:
- I'm angry, but I want to address this constructively.
- This really upset me, and I need to say that clearly.
- Let's deal with the issue directly instead of escalating it.",,False
i guess you missed the hypocrisy of christie lolling on a beach he closed to everyone else .,1,0,0.8510503172874451,,Comment is safe,False
Roy Hibbert so trash. It's unbelievable.,1,0,0.6191383600234985,,Comment is safe,False
&#8220;@CRYaboutitNIGGA: I get paid too chill.&#8221; Share the wealth Lil nicca,0,1,0.9640573263168335,"the language here is unnecessarily harsh. Strong words can make people defensive and stop listening to what you have to say. Consider saying any of the following:
- I feel strongly about this, and here's my honest view.
- I'm really frustrated by this situation.
- I strongly disagree with that position.",,False
@Paulyy2 nah some honkey lookin dude at chr,0,1,0.5568640828132629,"the language here is unnecessarily harsh. Strong words can make people defensive and stop listening to what you have to say. Consider saying any of the following:
- I feel strongly about this, and here's my honest view.
- I'm really frustrated by this situation.
- I strongly disagree with that position.",,False
"“Will Whiteness History Month make all white people hate themselves? Will white students cry themselves to sleep for the rest of their lives?”

Hahahahahaha. This makes me very happy. The whole idea sounds a little bit ridiculous but it’s bound to spark some real political hostility! Hoorah for PCC.",0,1,0.5075905919075012,"it includes threatening language. Wishing harm on others creates a hostile environment and is never acceptable. Consider saying any of the following:
- I'm angry, but I want to address this constructively.
- This really upset me, and I need to say that clearly.
- Let's deal with the issue directly instead of escalating it.",,False
Are you suggesting that the Oregon Attorney General NOT place mandatory minimum sentences because doing so will lead to martyrdom and encourage others to do equally stupid things?,0,1,0.916236937046051,"it targets a group with hatred. Everyone deserves respect regardless of their identity or beliefs. Consider saying any of the following:
- I disagree with that viewpoint, but I want to keep this respectful.
- I have strong concerns about this idea, and here's why.
- I see this issue very differently.",,False
Lmaooooo im outta here RT @da_1eye_creep Bobby Shmurda looks like a negro league player http://t.co/SngyNAGULC,1,0,0.6032598614692688,,Comment is safe,False
RT @UncleBlazer: Yo mama so ghetto she uses cigarette butts as q-tips,0,1,0.686441957950592,"the language here is unnecessarily harsh. Strong words can make people defensive and stop listening to what you have to say. Consider saying any of the following:
- I feel strongly about this, and here's my honest view.
- I'm really frustrated by this situation.
- I strongly disagree with that position.",,False
"I owned rental units for 15 years. I hated it. I had so many bad tenants that I used to tell people that in the rental business when it comes to people ""you are dealing with the cream of the crap."" It really was true!",1,0,0.6110551357269287,,Comment is safe,False
"If any of the cry babies who dont respect democracy come , it will be the bad drain.",0,1,0.6585326790809631,"it includes threatening language. Wishing harm on others creates a hostile environment and is never acceptable. Consider saying any of the following:
- I'm angry, but I want to address this constructively.
- This really upset me, and I need to say that clearly.
- Let's deal with the issue directly instead of escalating it.",,False
They're calling it #Sandy because the wind is going to make a lot girls clams really sandy,1,0,0.978719174861908,,Comment is safe,False
Is your real name Dick Cheney?,0,1,0.5792396664619446,"the language here is unnecessarily harsh. Strong words can make people defensive and stop listening to what you have to say. Consider saying any of the following:
- I feel strongly about this, and here's my honest view.
- I'm really frustrated by this situation.
- I strongly disagree with that position.",,False
RT @MNYves: He's an idiot. RT @M00n_baby: miserable trash excuse for a man http://t.co/jtL7Uis2YM,0,1,0.956274151802063,"it includes threatening language. Wishing harm on others creates a hostile environment and is never acceptable. Consider saying any of the following:
- I'm angry, but I want to address this constructively.
- This really upset me, and I need to say that clearly.
- Let's deal with the issue directly instead of escalating it.",,False
Yes billary is a way better liar. But then again who cares right?,1,0,0.6049554944038391,,Comment is safe,False
This bitch THINCC she dress coding me &#9995;&#128514;&#128557;,0,1,0.9984791874885559,"the language here is unnecessarily harsh. Strong words can make people defensive and stop listening to what you have to say. Consider saying any of the following:
- I feel strongly about this, and here's my honest view.
- I'm really frustrated by this situation.
- I strongly disagree with that position.",,False
"&#8220;@IdLikeToCare: @idpetition Wow, putting a whole manifesto up using TwitLonger. 

And by a Canadian. Hey hoser....how many will you adopt?",1,0,0.9515136480331421,,Comment is safe,False
RT @ooxlexx: I can't stand to be around ghetto girls.&#128134;,0,1,0.5642334222793579,"the language here is unnecessarily harsh. Strong words can make people defensive and stop listening to what you have to say. Consider saying any of the following:
- I feel strongly about this, and here's my honest view.
- I'm really frustrated by this situation.
- I strongly disagree with that position.",,False
Obama will leave the ISIS mess for Trump.,0,1,0.8220223188400269,"it includes threatening language. Wishing harm on others creates a hostile environment and is never acceptable. Consider saying any of the following:
- I'm angry, but I want to address this constructively.
- This really upset me, and I need to say that clearly.
- Let's deal with the issue directly instead of escalating it.",,False
RT @MobJoe: Word. And it don't make u a hoe RT @100granHman: It's okay to have sex on first date long as the feeling is mutual,0,1,0.9556616544723511,"the language here is unnecessarily harsh. Strong words can make people defensive and stop listening to what you have to say. Consider saying any of the following:
- I feel strongly about this, and here's my honest view.
- I'm really frustrated by this situation.
- I strongly disagree with that position.",,False
Kelley is just a Big Oil flunky.,0,1,0.8440784811973572,"the language here is unnecessarily harsh. Strong words can make people defensive and stop listening to what you have to say. Consider saying any of the following:
- I feel strongly about this, and here's my honest view.
- I'm really frustrated by this situation.
- I strongly disagree with that position.",,False
how did you get to be so obtuse ?,1,0,0.5204281806945801,,Comment is safe,False
you socialists are the worst life form and well below algea when it comes to anything constuctive,1,0,0.8909869194030762,,Comment is safe,False
"""@QUAN1T0: 61% of welfare/government aid is claimed by white people. So y'all black slander is trash now.""",0,1,0.6113722324371338,"it includes threatening language. Wishing harm on others creates a hostile environment and is never acceptable. Consider saying any of the following:
- I'm angry, but I want to address this constructively.
- This really upset me, and I need to say that clearly.
- Let's deal with the issue directly instead of escalating it.",,False
"Your ignorant and judgmental opinions do not change proven medical fact.  You know nothing about heroin addiction or courtney.  So ""opinions"" I'd suggest that you educate yourself.",1,0,0.5458905100822449,,Comment is safe,False
"all cats running lose need to be exterminated. what a puke like you fails to grasp is if the owner of that cat wasn't so grossly irresponsible letting the cat run lose to destroy other peoples yards and kill our song birds, it wouldn't have been killed by the neighbor fed up with this gross irresponsible jerk of a neighbor. But I will never expect a POS like you to understand that.",0,1,0.6765812039375305,"the language here is unnecessarily harsh. Strong words can make people defensive and stop listening to what you have to say. Consider saying any of the following:
- I feel strongly about this, and here's my honest view.
- I'm really frustrated by this situation.
- I strongly disagree with that position.",,False
Keep those away frm Charlie Day RT @JhonenV: Just once in my life I'd like for someone's favorite part of my body to be my disgusting knees.,0,1,0.8284760117530823,"the language here is unnecessarily harsh. Strong words can make people defensive and stop listening to what you have to say. Consider saying any of the following:
- I feel strongly about this, and here's my honest view.
- I'm really frustrated by this situation.
- I strongly disagree with that position.",,False
@elchavaloko pinche panamonos negros me Dan asco,0,1,0.8681777715682983,"the language here is unnecessarily harsh. Strong words can make people defensive and stop listening to what you have to say. Consider saying any of the following:
- I feel strongly about this, and here's my honest view.
- I'm really frustrated by this situation.
- I strongly disagree with that position.",,False
the hypocrisy of liberals knows no bound.,0,1,0.5660184025764465,"it attacks the person rather than the argument. Name-calling doesn't help anyone understand your point better. Consider saying any of the following:
- I disagree with that, and here's why.
- I see this differently, and I want to explain my view clearly.
- I don't think that's accurate or fair.",,False
"How do you know “torture results in little more than false confessions”? 

Kerry reply on ex-gitmo prisoner returning to jihad …. “Well, Senator, he’s not supposed to be doing that.” http://drrichswier.com/2016/02/28/video-kerry-on-gitmo-prisoner-who-returned-to-jihad-hes-not-supposed-to-be-doing-that/

Why do you defend these unconscionable jihadists who hate America, women and homosexuals?",1,0,0.8765912055969238,,Comment is safe,False
douglass man that thing was crazy now he a whole principal somewhere,0,1,0.5374647974967957,"the language here is unnecessarily harsh. Strong words can make people defensive and stop listening to what you have to say. Consider saying any of the following:
- I feel strongly about this, and here's my honest view.
- I'm really frustrated by this situation.
- I strongly disagree with that position.",,False
maybe we should just all give him the silent treatment and hope he buzzes off .,1,0,0.9881303310394287,,Comment is safe,False
here you are now trying to run your corrupt game on him some more .,0,1,0.799680233001709,"the language here is unnecessarily harsh. Strong words can make people defensive and stop listening to what you have to say. Consider saying any of the following:
- I feel strongly about this, and here's my honest view.
- I'm really frustrated by this situation.
- I strongly disagree with that position.",,False
can we apply that litmus test to muslims that kill in the name of their religion ? .,1,0,0.7196165919303894,,Comment is safe,False
RT @Cajun_peach: Because humans aren't delicious ho RT @peta: Smarter than dogs AND your 3-year-old child. So why EAT them? http://t.co/eRT&#8230;,0,1,0.6077347993850708,"the language here is unnecessarily harsh. Strong words can make people defensive and stop listening to what you have to say. Consider saying any of the following:
- I feel strongly about this, and here's my honest view.
- I'm really frustrated by this situation.
- I strongly disagree with that position.",,False
@EricBaetsle your a greaser,0,1,0.7949662804603577,"it includes threatening language. Wishing harm on others creates a hostile environment and is never acceptable. Consider saying any of the following:
- I'm angry, but I want to address this constructively.
- This really upset me, and I need to say that clearly.
- Let's deal with the issue directly instead of escalating it.",,False
"@NOAA #EarthDayNOAA 
Is da colored folk allowed to join? Cuz in my hood folk worried about da watermelon not growin and da chicken too small",1,0,0.7246708869934082,,Comment is safe,False
"if bandera is terrorist , you are supporter of terrorism .",1,0,0.6904494762420654,,Comment is safe,False
"Nice story, but who is Krantz? Only last name mentioned in the story. Also: silly restaurant name and insensitive drink name coupled with a not-so-smart publicist who would not be working for me after a post like that.",1,0,0.8780221939086914,,Comment is safe,False
"While I think Obama would be a good choice, I mostly want to see that nomination just to be able to watch McConnel's head explode.",1,0,0.9750854969024658,,Comment is safe,False
Drita is that nicca! Lmao,0,1,0.9893367290496826,"the language here is unnecessarily harsh. Strong words can make people defensive and stop listening to what you have to say. Consider saying any of the following:
- I feel strongly about this, and here's my honest view.
- I'm really frustrated by this situation.
- I strongly disagree with that position.",,False
@BolandDrummer I have never once in my life been to a 'coffee shop' like Starbucks. I am a hick though.,0,1,0.829840898513794,"it includes threatening language. Wishing harm on others creates a hostile environment and is never acceptable. Consider saying any of the following:
- I'm angry, but I want to address this constructively.
- This really upset me, and I need to say that clearly.
- Let's deal with the issue directly instead of escalating it.",,False
"I mean most ppl confuse when to use ""to"" and ""too"", this nicca used the word ""two"" when he should've used ""to"" &#128530;",0,1,0.9605945348739624,"the language here is unnecessarily harsh. Strong words can make people defensive and stop listening to what you have to say. Consider saying any of the following:
- I feel strongly about this, and here's my honest view.
- I'm really frustrated by this situation.
- I strongly disagree with that position.",,False
"AlwaysThere, oh dear, that's crushing. Here I am believing that the earth orbits around the sun, that there are planets, that dinosaurs once roamed the earth, that what we see as stars in the sky are galaxies and beyond ... but if all of that is just assumptions, damn. So sad.",1,0,0.8419743180274963,,Comment is safe,False
RT @kitt: @shinypb not only you. and that pom stuff? totally porn.,0,1,0.7189787030220032,"the language here is unnecessarily harsh. Strong words can make people defensive and stop listening to what you have to say. Consider saying any of the following:
- I feel strongly about this, and here's my honest view.
- I'm really frustrated by this situation.
- I strongly disagree with that position.",,False
should i just assume that whoever wrote this article was being ignorant?,0,1,0.7448082566261292,"the language here is unnecessarily harsh. Strong words can make people defensive and stop listening to what you have to say. Consider saying any of the following:
- I feel strongly about this, and here's my honest view.
- I'm really frustrated by this situation.
- I strongly disagree with that position.",,False
well why would a person fight a person that has a blade .....and is sitting on a poopo hole.....its called 911....i got a crazy dude in my house...,1,0,0.654718279838562,,Comment is safe,False
one of the worst people on the planet .,1,0,0.8201215863227844,,Comment is safe,False
"and another one &#8220;@07Cannon: Two hoes? RT ""@xoxo_imaunicorn: y'all know what we are?! &#128514;&#128514;"" http://t.co/XI5Aod1FAo&#8221;",0,1,0.9778175950050354,"it includes threatening language. Wishing harm on others creates a hostile environment and is never acceptable. Consider saying any of the following:
- I'm angry, but I want to address this constructively.
- This really upset me, and I need to say that clearly.
- Let's deal with the issue directly instead of escalating it.",,False
Sucks to be someone in a wheelchair or using a walker trying to use one of those sidewalks between 9pm and 7am,0,1,0.6810691952705383,"it includes threatening language. Wishing harm on others creates a hostile environment and is never acceptable. Consider saying any of the following:
- I'm angry, but I want to address this constructively.
- This really upset me, and I need to say that clearly.
- Let's deal with the issue directly instead of escalating it.",,False
"I averaged a pathetic $300 a week gross vending LCFM and came in the top 1% in sales. I averaged $3200 a week vending Beaverton Farmers Market. In the manner these 2 liberal corporations operate they cater to the bottom of the barrel, and alienate the spending consumer downtown Eugene desperately needs.",0,1,0.5971024036407471,"it targets a group with hatred. Everyone deserves respect regardless of their identity or beliefs. Consider saying any of the following:
- I disagree with that viewpoint, but I want to keep this respectful.
- I have strong concerns about this idea, and here's why.
- I see this issue very differently.",,False
"Sorry but THAT is an over simplistic statement of obvious ignorance!!! Please see my reply to Oregongal 2

To understand HOW you ended up this ignorant (that does NOT mean stupid)  please see:

""The Deliberate Dumbing Down of America""  by Charlotte Iserbyt (pub.1995) available on Amazon and several great interviews with her
on YouTube.  She is a former Senior Policy Advisor at the National Department of Education.",0,1,0.6481612324714661,"it includes threatening language. Wishing harm on others creates a hostile environment and is never acceptable. Consider saying any of the following:
- I'm angry, but I want to address this constructively.
- This really upset me, and I need to say that clearly.
- Let's deal with the issue directly instead of escalating it.",,False
I don't know what you been told but I love them project hoes,0,1,0.9842337965965271,"it includes threatening language. Wishing harm on others creates a hostile environment and is never acceptable. Consider saying any of the following:
- I'm angry, but I want to address this constructively.
- This really upset me, and I need to say that clearly.
- Let's deal with the issue directly instead of escalating it.",,False
As a coffe snob I can tell you that this coffee beats the heck out of Starbucks and Dutch Bros.,0,1,0.8832727074623108,"the language here is unnecessarily harsh. Strong words can make people defensive and stop listening to what you have to say. Consider saying any of the following:
- I feel strongly about this, and here's my honest view.
- I'm really frustrated by this situation.
- I strongly disagree with that position.",,False
RT @radiomaru: nerds are cool because they get really judge-y about other nerds being passionate about things they aren't passionate abo ...,0,1,0.5680813193321228,"the language here is unnecessarily harsh. Strong words can make people defensive and stop listening to what you have to say. Consider saying any of the following:
- I feel strongly about this, and here's my honest view.
- I'm really frustrated by this situation.
- I strongly disagree with that position.",,False
So many weird people in the ghetto at this time.,0,1,0.7250399589538574,"the language here is unnecessarily harsh. Strong words can make people defensive and stop listening to what you have to say. Consider saying any of the following:
- I feel strongly about this, and here's my honest view.
- I'm really frustrated by this situation.
- I strongly disagree with that position.",,False
"read the trashy quran , folks , for yourselves .",1,0,0.688655436038971,,Comment is safe,False
I see u jigga!!!! Hillary $wankin,0,1,0.994905948638916,"the language here is unnecessarily harsh. Strong words can make people defensive and stop listening to what you have to say. Consider saying any of the following:
- I feel strongly about this, and here's my honest view.
- I'm really frustrated by this situation.
- I strongly disagree with that position.",,False
"If you want to read a real eye opener on SuHydro heres the link.  Starts on Page 12.
  https://www.adn.com/sites/default/files/2003_06-AlaskaMegaProjects.pdf
References Bureau of Rec's failed attempt in the 1950's.  Kill this dog once and for all!",1,0,0.886802613735199,,Comment is safe,False
Gary's girl was a tranny. RT @Em_99car: I wonder what would have become of @rickspringfield if he'd written 'Gary's Girl'.,0,1,0.6627017855644226,"the language here is unnecessarily harsh. Strong words can make people defensive and stop listening to what you have to say. Consider saying any of the following:
- I feel strongly about this, and here's my honest view.
- I'm really frustrated by this situation.
- I strongly disagree with that position.",,False
Is it weird licking your own nip?,0,1,0.8120514154434204,"the language here is unnecessarily harsh. Strong words can make people defensive and stop listening to what you have to say. Consider saying any of the following:
- I feel strongly about this, and here's my honest view.
- I'm really frustrated by this situation.
- I strongly disagree with that position.",,False
RT @ChrissyNich: To call Martin baker an Uncle Tom and uppity because he's not siding with the majority pure ignorance....,0,1,0.6211535334587097,"the language here is unnecessarily harsh. Strong words can make people defensive and stop listening to what you have to say. Consider saying any of the following:
- I feel strongly about this, and here's my honest view.
- I'm really frustrated by this situation.
- I strongly disagree with that position.",,False
RT @AshleighRollin: &#8220;@ViriDoesItt: Kissin small lips is trash lol..&#8221; Trash,1,0,0.6556710600852966,,Comment is safe,False
@denytheprophecy when you realize you're trash,1,0,0.8215553760528564,,Comment is safe,False
"Tuesday Jan. 13, members of 
this socalled 'militia' traveled to
John Day,Or to try to enlist the sherif 
there to come to Malheur and support them. He refused to go
without the approval of the local 
sheriff in Burns, Dave Ward.
Sheriff Ward said he only wanted 
The John Day sheriff to come to
Burns if he would be willing to 'shame and humiliate' the trespassers into leaving.
The Bundy Bunch are armed terrorist idiots who are attempting to poison my State with their toxic and divisive brand of 'politics'. They need to be arrested and prosecuted.
Rallies to support public lands and
the Malheur Refuge are being held in 
PDX, Eugene, and other cities across 
Or. next Tuesday Jan. 19: check out
#SupportMalheur.
And yes, I have lived in both rural 
Or (25 years) and urban Or.",0,1,0.5404409766197205,"it includes threatening language. Wishing harm on others creates a hostile environment and is never acceptable. Consider saying any of the following:
- I'm angry, but I want to address this constructively.
- This really upset me, and I need to say that clearly.
- Let's deal with the issue directly instead of escalating it.",,False
Lunatic fringe reports.,0,1,0.636081874370575,"the language here is unnecessarily harsh. Strong words can make people defensive and stop listening to what you have to say. Consider saying any of the following:
- I feel strongly about this, and here's my honest view.
- I'm really frustrated by this situation.
- I strongly disagree with that position.",,False
@Scoob3y yeah and you're gonna play with retards who wanna do drugs all day but &#128056;&#9749;&#65039;,0,1,0.9286327362060547,"it includes threatening language. Wishing harm on others creates a hostile environment and is never acceptable. Consider saying any of the following:
- I'm angry, but I want to address this constructively.
- This really upset me, and I need to say that clearly.
- Let's deal with the issue directly instead of escalating it.",,False
"@NG5_ Thirsty Giants are always like ""ho, ho, ho""",0,1,0.7966613173484802,"the language here is unnecessarily harsh. Strong words can make people defensive and stop listening to what you have to say. Consider saying any of the following:
- I feel strongly about this, and here's my honest view.
- I'm really frustrated by this situation.
- I strongly disagree with that position.",,False
@jsimsromance My guy is a Maine coon and a total cuddle bum. Every one that I've ever met has been super friendly.,0,1,0.7561477422714233,"the language here is unnecessarily harsh. Strong words can make people defensive and stop listening to what you have to say. Consider saying any of the following:
- I feel strongly about this, and here's my honest view.
- I'm really frustrated by this situation.
- I strongly disagree with that position.",,False
"It's time to  play ""lawsuit Lottery""!  Yeah, sue the pants off those people!  They don't deserve to be in business after this, take it all!",0,1,0.5057613253593445,"the language here is unnecessarily harsh. Strong words can make people defensive and stop listening to what you have to say. Consider saying any of the following:
- I feel strongly about this, and here's my honest view.
- I'm really frustrated by this situation.
- I strongly disagree with that position.",,False
RT @ConservativeLA: Let the Dem concern-trolling commence in earnest! Wagons ho!,0,1,0.7523382902145386,"the language here is unnecessarily harsh. Strong words can make people defensive and stop listening to what you have to say. Consider saying any of the following:
- I feel strongly about this, and here's my honest view.
- I'm really frustrated by this situation.
- I strongly disagree with that position.",,False
Gansitos are ATG beaner candy,1,0,0.5925249457359314,,Comment is safe,False
"It is really hard to defend illiterate, greedy people who are easliyl manipulated",0,1,0.5050703883171082,"it includes threatening language. Wishing harm on others creates a hostile environment and is never acceptable. Consider saying any of the following:
- I'm angry, but I want to address this constructively.
- This really upset me, and I need to say that clearly.
- Let's deal with the issue directly instead of escalating it.",,False
"Affirmative action to match the US population?   C'mon Man!  It's gonna really be hard to find that many non-blacks (other than  some Samoans) who won't get squashed flat on their first 1st down or slammed over the top by that 6'8"" black forward!  You're talking like a crazy man!",1,0,0.6734225153923035,,Comment is safe,False
People who don't put their blinkers on seriously just need to crash into a pole or something &#128548; #moveoutmyway#bitch,0,1,0.9831644892692566,"it contains inappropriate content. There are better ways to express your thoughts constructively. Consider saying any of the following:
- Let me rephrase that in a more appropriate way.
- I can say that more clearly and respectfully.
- Here's a better way to express that.",,False
"Love it!  Alas, though, there are no fun non-derogatory nouns for the male equivalent of tomboy.  My son's choices will be relegated to ""sissy""/""mama's boy"" or ""variant""/""nonconforming"".   Yes, he's a ""boy"" and ""human"" -- but as you noted, the power of self-identification as something cool and different can be magical.",1,0,0.9961183071136475,,Comment is safe,False
"hes a killer , though , mr .",1,0,0.7675215601921082,,Comment is safe,False
"Just your style...no, look over here. Now look over there. Those people did it. 
Stick to the subject - Adolph Trump - is corrupt, immoral, and a danger to our country. And you want him to know and carry the nuclear codes?",1,0,0.9175223708152771,,Comment is safe,False
ignorant of the most basic aspects of Canadian history .,0,1,0.8301427960395813,"the language here is unnecessarily harsh. Strong words can make people defensive and stop listening to what you have to say. Consider saying any of the following:
- I feel strongly about this, and here's my honest view.
- I'm really frustrated by this situation.
- I strongly disagree with that position.",,False
PND is my jigga man.,0,1,0.9912609457969666,"it includes threatening language. Wishing harm on others creates a hostile environment and is never acceptable. Consider saying any of the following:
- I'm angry, but I want to address this constructively.
- This really upset me, and I need to say that clearly.
- Let's deal with the issue directly instead of escalating it.",,False
RT @Carlozxivir: @VocaToaster ching chong,1,0,0.8859632015228271,,Comment is safe,False
"ScienceDuck:  You're seeking ""civil conversation"" on this site....oh, wait a minute, that's the name of the site, isn't it.  C.J.101's position is really rather simple....civil? well no, but certainly simple.  If you disagree with him, it's because you're a)ignorant (don't have the facts) or b) stupid (couldn't understand those facts if you had them) or c) both of the above.  Discussion, coversation and debate are all worthwhile pursuits.  Dismissing those who oppose your position as ignorant, as does CJ101, contributes nothing and, instead, inhibits such civil discourse.",1,0,0.5568966865539551,,Comment is safe,False
"I am offended by your lack of cultural awareness in writing this piece. ""cunt"" is a part of the generic diction of British English and is used as a generic insult. Your lack of tolerance for the British English dialect is deeply closed minded and offense. I demand that you take down this article and issue a apology to both Sean Hocking and to the people of Britain.",0,1,0.5964786410331726,"it includes threatening language. Wishing harm on others creates a hostile environment and is never acceptable. Consider saying any of the following:
- I'm angry, but I want to address this constructively.
- This really upset me, and I need to say that clearly.
- Let's deal with the issue directly instead of escalating it.",,False
"@MrFayoh Im a proud wacko bird, how bout you?",0,1,0.817359983921051,"the language here is unnecessarily harsh. Strong words can make people defensive and stop listening to what you have to say. Consider saying any of the following:
- I feel strongly about this, and here's my honest view.
- I'm really frustrated by this situation.
- I strongly disagree with that position.",,False
"Except in this case they now have a video from inside the car that was released today, that shows everything that happened.   You cannot dispute all of the lawless acts that this new video clearly recorded.  The video has already debunked conspiracy theories that Finicum's vehicle was fired on at the initial stop.   It wasn't.   They did not receive gunfire until they tried to get through the roadblock further down the road.

And it also shows that the people in the vehicle were heavily armed, and were initially looking to grab their weapons.  They clearly were preparing to murder members of law enforcement.

Only idiots would protest the Federal Government while armed with handguns and assault rifles.  A person has to be incredibly stupid to do that.",1,0,0.6690434217453003,,Comment is safe,False
"trudeau can now be seen for the muppet he is , and canadians will not reelect a muppet .",1,0,0.716828465461731,,Comment is safe,False
"So, a bully is worse than an incompetent and irresponsible pathological liar or a guy who's economic sensibility wouldn't fit a thimble?",0,1,0.6561055779457092,"it includes threatening language. Wishing harm on others creates a hostile environment and is never acceptable. Consider saying any of the following:
- I'm angry, but I want to address this constructively.
- This really upset me, and I need to say that clearly.
- Let's deal with the issue directly instead of escalating it.",,False
and bring in billionaire and criminals !,0,1,0.6019200086593628,"it contains inappropriate content. There are better ways to express your thoughts constructively. Consider saying any of the following:
- Let me rephrase that in a more appropriate way.
- I can say that more clearly and respectfully.
- Here's a better way to express that.",,False
RT @HMSguy: Rahal's an idiot. Second time this year he's wrecked someone under yellow.,0,1,0.9617583155632019,"the language here is unnecessarily harsh. Strong words can make people defensive and stop listening to what you have to say. Consider saying any of the following:
- I feel strongly about this, and here's my honest view.
- I'm really frustrated by this situation.
- I strongly disagree with that position.",,False
Lakers are trash right now.,1,0,0.810551643371582,,Comment is safe,False
RT @BestOfNike: Nike beanies #NikePorn http://t.co/nN4Vo90htj,1,0,0.8106504678726196,,Comment is safe,False
"I have never seen any elected Republican willing to ""Work together"" with members of the Democratic party to get things accomplished that they were elected to do, represent the people who voted them into office, not just the wealthy, big corporations, or corporations. A democrat mayor Berkowitz announces Anchorage will see a $14M surplus in 2015. Some of it could be attributed to no snow.  Republicans are the only ones trying to eliminate the vote for women and minorities. There are people who can't see that Republicans are in office to further their own agenda, not the interests of the people who voted for them. Dumb and blind people are easily lead and manipulated.",1,0,0.8050364851951599,,Comment is safe,False
"Jennifer Lawrence's nudes sooooo trash. Im still smashin though, no doubt",1,0,0.6700648069381714,,Comment is safe,False
"Dementia: ""medical : a mental illness that causes someone to be unable to think clearly or to understand what is real and what is not real."" You are incapable of grasping the difference between dementia my family with Huntington's disease exhibited, and LIBERAL DEMENTIA that is incapable of grasping reality based facts. You cannot refute anything I have posted on this thread, and in shameless intellectual bankruptcy accuse me of mocking the handicapped to deflect off subject. Your dementia does not make your charge fact. It does show just how shameless you are.",1,0,0.9799847602844238,,Comment is safe,False
my mom tried to get me to buy beaner boots bc they were on sale like I'm not in a mariachi band please stop.,1,0,0.9288054704666138,,Comment is safe,False
only someone who has never smoked would say such a ridiculous statement,0,1,0.9420498013496399,"the language here is unnecessarily harsh. Strong words can make people defensive and stop listening to what you have to say. Consider saying any of the following:
- I feel strongly about this, and here's my honest view.
- I'm really frustrated by this situation.
- I strongly disagree with that position.",,False
@NicoleADietrich chug pee,0,1,0.7632167935371399,"the language here is unnecessarily harsh. Strong words can make people defensive and stop listening to what you have to say. Consider saying any of the following:
- I feel strongly about this, and here's my honest view.
- I'm really frustrated by this situation.
- I strongly disagree with that position.",,False
"lol i liked that album RT @az5950: That ""Double Up"" Album was so trash son...smh",1,0,0.795757532119751,,Comment is safe,False
How long are they going to let the fools in #Ferguson continue? Stop pussy footin' &amp; disperse them by WHATEVER means necessary!,0,1,0.9928191304206848,"the language here is unnecessarily harsh. Strong words can make people defensive and stop listening to what you have to say. Consider saying any of the following:
- I feel strongly about this, and here's my honest view.
- I'm really frustrated by this situation.
- I strongly disagree with that position.",,False
"Damn ""@JonnieSantana: It's kinda trash man RT ""@80sbaby4life: How many of you actually have had a threesome. Honestly""""",1,0,0.6950147747993469,,Comment is safe,False
"if you have the guts , and still serve i corp , meet me sometime",0,1,0.8146100044250488,"it includes threatening language. Wishing harm on others creates a hostile environment and is never acceptable. Consider saying any of the following:
- I'm angry, but I want to address this constructively.
- This really upset me, and I need to say that clearly.
- Let's deal with the issue directly instead of escalating it.",,False
"kap sucked behind gabbert on the 49ers , now hes the savior for the broncos ?",1,0,0.5331474542617798,,Comment is safe,False
"Wait, fer real? That went to court?! And he WON?!? For the sake of honesty! We finally made it criminal to tell the truth, and it started here. How sickening. I mean, I kinda get it, being socially shunned sucks, but not being able to inform your community about dangerous individuals sucks even worse. It would be one thing if the allegations were false, but if they're true ... well ... if you don't like the consequences maybe you shouldn't have done the deed? I mean, I made the front page of my city's newspaper for being ""different,"" on the heals of Columbine and on Mother's Day no less, and that was awkward as hell. It never even crossed my mind to accuse the newspaper of any misconduct. I was weird, apparently that was news, and they shared it. Well, fuck me then.",1,0,0.9381518959999084,,Comment is safe,False
cant believe youd publish this kind of drivel .,1,0,0.7840480208396912,,Comment is safe,False
"I like to bitch about all things government
. I am against tax and fee fund raising measures. 
On this issue I would not complain much by the tax increase.
What's wrong  increase is going to Eugene track event
Why?
I thought this event was just about the biggest there is for track and field
Where is all the media coverage I would think if it was a once in a blue moon event there would be a need for crowd control people buying and selling tickets for huge amounts of money venues in place for all the hops attending  
But rather they want the money to try to sell tickets and other needed items
But instead of being any thing that will pay for itself is just a way for a few VIPs to add to their legacy. Just look at all the sound bites and multiple quotes in SI
This little group will pass around award's among it selves for years
Years from now we'll every 4 years or so see a special under the guise of  being a sports documentary how to screw Oregon tax payers in plain site",0,1,0.79659104347229,"this person is ignorant.
Explain why this is toxic: the language here is unnecessarily harsh. Strong words can make people defensive and stop listening to what you have to say. Consider saying any of the following:
- I feel strongly about this, and here's my honest view.
- I'm really frustrated by this situation.
- I strongly disagree with that position.",,False
"Have you been to People's Pig on N. Williams? It's amazing, and surprisingly affordable for what you get. The place is tiny and smells like smoke, which is the way it should be.",0,1,0.590036928653717,"it contains inappropriate content. There are better ways to express your thoughts constructively. Consider saying any of the following:
- Let me rephrase that in a more appropriate way.
- I can say that more clearly and respectfully.
- Here's a better way to express that.",,False
"Pure, unfounded ignorance.  A disgrace to your profession, if you are a journalist like you say.  Shame on you.  Springsteen does nothing self indulgently - he does it for his FANS.  You're the self indulgent one in this story.",1,0,0.7673014402389526,,Comment is safe,False
Their salsa negro is awesome... @StacyMungo @Loriisright,0,1,0.8348900079727173,"it includes threatening language. Wishing harm on others creates a hostile environment and is never acceptable. Consider saying any of the following:
- I'm angry, but I want to address this constructively.
- This really upset me, and I need to say that clearly.
- Let's deal with the issue directly instead of escalating it.",,False
Everybody that's still on Facebook ghetto or pregnant idc.,1,0,0.5378729104995728,,Comment is safe,False
they have become lazy and irrelevant .,1,0,0.6060200929641724,,Comment is safe,False
"Liberal dementia strikes again! What I find hysterical comedy is how Bernie Sanders has gone on the Thom Hartmann program every Friday for years, and those 2 political clowns often praised the brilliance of Paul Krugman...the same Krugman who has attacked sanders time and time again as an economic fool. Now, while the democrats are fiercely split, and the dem hierarchy is trying to take down Sanders to install team Billary, professionals at shaking down Wall Street for $$$...this political clown wants to talk about the GOP. Paul Krugman, the master economist (sic) has never risked his own money running a business and is clueless what it takes to make payroll. The only thing this political clown as ever ran is his mouth, and frankly be sucks at that too.",1,0,0.6928606629371643,,Comment is safe,False
RT @McNarstle: @CzickenShack I go on Drudge Report every day now hoping to see a story about your tranny army,0,1,0.5307337641716003,"the language here is unnecessarily harsh. Strong words can make people defensive and stop listening to what you have to say. Consider saying any of the following:
- I feel strongly about this, and here's my honest view.
- I'm really frustrated by this situation.
- I strongly disagree with that position.",,False
"In the all too true lyrics of Bob Dylan,
                                                 In Patterson
                                                     that's just the way it goes.
                                                        If your black 
                                                           Ya better not show
                                                           Up on the street
                                                                 Lest ya wanna draw the heat.",1,0,0.7807721495628357,,Comment is safe,False
"@IAmPikey 
I wonders why dare ain't no colored folk up dare?",0,1,0.5781954526901245,"it includes threatening language. Wishing harm on others creates a hostile environment and is never acceptable. Consider saying any of the following:
- I'm angry, but I want to address this constructively.
- This really upset me, and I need to say that clearly.
- Let's deal with the issue directly instead of escalating it.",,False
NEVER TRUST  RUSSIAN !,1,0,0.966528594493866,,Comment is safe,False
When did it become cool to ne stupid? This teabagger debate is slim on facts at best.,0,1,0.9715002179145813,"it includes threatening language. Wishing harm on others creates a hostile environment and is never acceptable. Consider saying any of the following:
- I'm angry, but I want to address this constructively.
- This really upset me, and I need to say that clearly.
- Let's deal with the issue directly instead of escalating it.",,False
They later came out and said they had counted cards from Hillary supporters who had left early and she ended up with 86 votes.  What a screw up.,1,0,0.5902250409126282,,Comment is safe,False
He's a pretty damn good actor. But as a gay man it's awesome to see an openly queer actor given the lead role for a major superhero film.,0,1,0.7149466276168823,"the language here is unnecessarily harsh. Strong words can make people defensive and stop listening to what you have to say. Consider saying any of the following:
- I feel strongly about this, and here's my honest view.
- I'm really frustrated by this situation.
- I strongly disagree with that position.",,False
"Gosh, who on earth would do such a thing ? No one in particular comes to mind. Pissed off Baptists ?",0,1,0.6359930038452148,"it includes threatening language. Wishing harm on others creates a hostile environment and is never acceptable. Consider saying any of the following:
- I'm angry, but I want to address this constructively.
- This really upset me, and I need to say that clearly.
- Let's deal with the issue directly instead of escalating it.",,False
"@LinzBella 
You date colored men?",0,1,0.6079214811325073,"the language here is unnecessarily harsh. Strong words can make people defensive and stop listening to what you have to say. Consider saying any of the following:
- I feel strongly about this, and here's my honest view.
- I'm really frustrated by this situation.
- I strongly disagree with that position.",,False
I take it Notre Dame is still trash. http://t.co/fRTMYhu7bl,1,0,0.8742292523384094,,Comment is safe,False
"Residence in our local county hoosegow will be quite educational for Bundy and his troops.  There, they will meet lots of interesting people.  We got black gangstas, and brown gangstas, methheads and assorted other felons.",1,0,0.9176246523857117,,Comment is safe,False
"garycrum is a regular in this forum, spewing his typical lies, arrogance, and hypocrisy, all of which is uncivil and not conducive to an adult conversation ... you call it toxic verbal sludge, and that's good, although I've always called it transcribed flatulence.",1,0,0.9273213148117065,,Comment is safe,False
"It happens AGAIN!! Black pack beats ""whitey."" This should make national news. http://t.co/izKoA2Xb",1,0,0.638096272945404,,Comment is safe,False
I've gone there for 30 years and was born and raised in Portland. I would love to know how many people that have an opinion on this really speak for the Real Oregonians. Because we wouldn't have a housing problem if you all moved back where you came from. You've left some trashy city and brought your problems with you.,1,0,0.9937983155250549,,Comment is safe,False
"Sounds like the police handled this situation well. There are countless and routine scenarios across America where if a black man answered the door with such a gun, even sober and not threatening and even without a gun, that it would not end so well. This is what white privilege (and gun insanity) looks like.",1,0,0.9104302525520325,,Comment is safe,False
"No. No.  That's not the way it works.  

There were no 'losers'.  ""neither side in the dispute admits any wrongdoing.""  See. nobody 'lost' and nobody 'won'.  

The taxpayers pay her $80,000 plus another $63,334 in a separate check  and then the taxpayers of Eugene get to pay the $71,000 for her attorney and then they get to pay the firm hired by the City $215,000.  They are already paying the regular attorneys who are supposed to represent the City so that doesn't even count.  

See.  Nobody 'won' nobody 'lost'.  

Well, I guess that the $429, 334 could have been used for something else, but it had already been extracted from the City taxpayers and put into that 'special fund' to pay for City negligence and stupidity; the taxpayers were never going to see it again for any other purpose.",1,0,0.9634296298027039,,Comment is safe,False
dude you are messed up,0,1,0.8018706440925598,"the language here is unnecessarily harsh. Strong words can make people defensive and stop listening to what you have to say. Consider saying any of the following:
- I feel strongly about this, and here's my honest view.
- I'm really frustrated by this situation.
- I strongly disagree with that position.",,False
he's making fun of me cause I'm worried about the bird and he saying he's not surprised because I don't like splitting poles lol ugh jerk,0,1,0.6343089938163757,"it includes threatening language. Wishing harm on others creates a hostile environment and is never acceptable. Consider saying any of the following:
- I'm angry, but I want to address this constructively.
- This really upset me, and I need to say that clearly.
- Let's deal with the issue directly instead of escalating it.",,False
for instance anyone who believes in the tenants of their organization cult worship are mentally ill .,1,0,0.525696873664856,,Comment is safe,False
stop 'n you aint even n it lls sykeee,0,1,0.6321596503257751,"it contains inappropriate content. There are better ways to express your thoughts constructively. Consider saying any of the following:
- Let me rephrase that in a more appropriate way.
- I can say that more clearly and respectfully.
- Here's a better way to express that.",,False
RT @RWSurferGirl: Toss 'em out of office? Or just throw 'em in the trash? #trashbucketchallenge has politicians on the run at... https://t.&#8230;,1,0,0.8296064734458923,,Comment is safe,False
I strongly disagree. Many confuse disagreement with the word troll.,1,0,0.5263208746910095,,Comment is safe,False
"If you can't have a little knuckle-dragging, name-calling, and fist fighting in the comments sections, then how are we going to get the lipstick on the pig!",0,1,0.6702320575714111,"the language here is unnecessarily harsh. Strong words can make people defensive and stop listening to what you have to say. Consider saying any of the following:
- I feel strongly about this, and here's my honest view.
- I'm really frustrated by this situation.
- I strongly disagree with that position.",,False
"""Uh-uh, what do we have? Your empty heart, my empty bottle, a yellow cab.. That you would like to catch cuz yo latest ex made u mad..",1,0,0.6965516805648804,,Comment is safe,False
RT @NoelleonFOX7: Protestors rally to support teen facing life sentence in pot brownie case http://t.co/TXXnmbpOoA&#8221;wtf smh not for a brownie,1,0,0.9261326789855957,,Comment is safe,False
stupid teacher talks to @RandyMower like he's retarded,0,1,0.9634881615638733,"it includes threatening language. Wishing harm on others creates a hostile environment and is never acceptable. Consider saying any of the following:
- I'm angry, but I want to address this constructively.
- This really upset me, and I need to say that clearly.
- Let's deal with the issue directly instead of escalating it.",,False
"RT @dril: ah, i can smell it,. its just about ready. *opens the oven up and pulls out a sshitty burnt up ritz cracker* my perfect boy's lu&#8230;",1,0,0.9077452421188354,,Comment is safe,False
"You know, you just can’t make this stuff up!

Hillary barking like a dog.",1,0,0.9251648187637329,,Comment is safe,False
Legion of jig &#128557;&#128557;&#128557;,0,1,0.6690550446510315,"it includes threatening language. Wishing harm on others creates a hostile environment and is never acceptable. Consider saying any of the following:
- I'm angry, but I want to address this constructively.
- This really upset me, and I need to say that clearly.
- Let's deal with the issue directly instead of escalating it.",,False
@Police_TactGear Article is flawed. Took my first CHP with BRPD. Was well done. Even had 2 ghetto gals with a jammy Hi-purnt 9 but well done,1,0,0.8161699771881104,,Comment is safe,False
"When you want complete diversity in hatred, bigotry, xenophobia, misogyny, and
racism - vote for the little king, Donald Trump. You can be assured no one escapes his version of ""diversity"".",1,0,0.9621107578277588,,Comment is safe,False
@Torn_Rose republican teabaggers should be jailed for treason.....,0,1,0.6340817809104919,"the language here is unnecessarily harsh. Strong words can make people defensive and stop listening to what you have to say. Consider saying any of the following:
- I feel strongly about this, and here's my honest view.
- I'm really frustrated by this situation.
- I strongly disagree with that position.",,False
"RT @PoisonedKissx3: This white boy reached 999 in flappy bird, im so done with life...",1,0,0.6700112819671631,,Comment is safe,False
"RT @mitch77c: Whatchu know bout livin in the ghetto, eating cottage cheese 3 times a day. Lil salt Lil peppa lil A1, Lil barbeeequeee @Ueon&#8230;",1,0,0.543613076210022,,Comment is safe,False
"It has nothing to do with being smart or stupid, any person who takes it for a period of time becomes a slave to morphine. Our bodies turn all narcs into morphine. People were told lies for decades, that if they had real pain they could not become addicted, that only 1% of people given narcotics in hospitals became addicted and that only those with ""addictive personalities"" became addicted, all of that is false but people thought drug companies and doctors not only knew what they were talking about but were required to have the best interests of the people by the FDA and CDC, none of that was true. Most of the heroin addicts are refuges from the medical system which should have taught them the things they need to know to treat pain, but that takes time and time is money. It took me years of research to put together a plan for my chronic pain that works but most people go to doctors instead.",0,1,0.5943326950073242,"the language here is unnecessarily harsh. Strong words can make people defensive and stop listening to what you have to say. Consider saying any of the following:
- I feel strongly about this, and here's my honest view.
- I'm really frustrated by this situation.
- I strongly disagree with that position.",,False
"I worked in Salem for 12 1/2 years as a State of Oregon employee; trust me, I know Pigs when I see them!   Many of them wear purple and gold.",0,1,0.5174561738967896,"the language here is unnecessarily harsh. Strong words can make people defensive and stop listening to what you have to say. Consider saying any of the following:
- I feel strongly about this, and here's my honest view.
- I'm really frustrated by this situation.
- I strongly disagree with that position.",,False
@blastmccurdy in your dreams little leprechaun hemroid,1,0,0.5384267568588257,,Comment is safe,False
We who are Not Freaks Also have the RIGHT to  a life without dealing with this nations agenda.,0,1,0.8863369226455688,"the language here is unnecessarily harsh. Strong words can make people defensive and stop listening to what you have to say. Consider saying any of the following:
- I feel strongly about this, and here's my honest view.
- I'm really frustrated by this situation.
- I strongly disagree with that position.",,False
I need to get away from this madness.,0,1,0.6448768377304077,"it includes threatening language. Wishing harm on others creates a hostile environment and is never acceptable. Consider saying any of the following:
- I'm angry, but I want to address this constructively.
- This really upset me, and I need to say that clearly.
- Let's deal with the issue directly instead of escalating it.",,False
Sounds like you live a sadly paranoid life.,0,1,0.5285873413085938,"the language here is unnecessarily harsh. Strong words can make people defensive and stop listening to what you have to say. Consider saying any of the following:
- I feel strongly about this, and here's my honest view.
- I'm really frustrated by this situation.
- I strongly disagree with that position.",,False
RT @BamberDelver: Lees hoe een gepeste jongen zich probeert te verdedigen. Ingezonden brief Volkskrant. #pesten @AcademieMm http://t.co/aoD&#8230;,1,0,0.724606454372406,,Comment is safe,False
execute him before he hurts anybody .,0,1,0.5984737277030945,"it includes threatening language. Wishing harm on others creates a hostile environment and is never acceptable. Consider saying any of the following:
- I'm angry, but I want to address this constructively.
- This really upset me, and I need to say that clearly.
- Let's deal with the issue directly instead of escalating it.",,False
you position is pure hypocrisy .,0,1,0.5680744051933289,"it includes threatening language. Wishing harm on others creates a hostile environment and is never acceptable. Consider saying any of the following:
- I'm angry, but I want to address this constructively.
- This really upset me, and I need to say that clearly.
- Let's deal with the issue directly instead of escalating it.",,False
"Yea, we really need this law because I'm sure gay people throughout Alaska are clamoring to be married by hate-filled homophobic religious extremists...not!",1,0,0.6896138787269592,,Comment is safe,False
@Herman_NYRBlog he's am has no clue #heeb,1,0,0.7867398858070374,,Comment is safe,False
"You are forgetting that Irish car bombs affected Caucasian people.  You don't get as much hipster / activist cred from ""protesting"" such things as you do ""protesting"" things that relate to (at least in your mind) non-whites.",1,0,0.9049621224403381,,Comment is safe,False
RT @HighSchoolSuckz: i am that horrible friend who reads your text then puts the phone down to do something and forgets to reply until 4 ho&#8230;,0,1,0.8803763389587402,"it includes threatening language. Wishing harm on others creates a hostile environment and is never acceptable. Consider saying any of the following:
- I'm angry, but I want to address this constructively.
- This really upset me, and I need to say that clearly.
- Let's deal with the issue directly instead of escalating it.",,False
