metric,value
accuracy,0.812014402122418
f1_score,0.7987421383647799
roc_auc,0.8872794362082257
